zipcode,median_income_2018,median_housing_costs_monthly_2018,yearly_housing_costs_2018,median_income_2019,median_housing_costs_monthly_2019,yearly_housing_costs_2019,median_income_2020,median_housing_costs_monthly_2020,yearly_housing_costs_2020,median_income_2021,median_housing_costs_monthly_2021,yearly_housing_costs_2021,median_income_2022,median_housing_costs_monthly_2022,yearly_housing_costs_2022,median_income_2023,median_housing_costs_monthly_2023,yearly_housing_costs_2023
90001,38521,1164,13968,43360,1221,14652,48011,1245,14940,52806,1301,15612,57698,1413,16956,60751,1493,17916
90002,35410,1254,15048,37285,1301,15612,42245,1396,16752,46159,1417,17004,54221,1558,18696,56158,1648,19776
90003,37226,1261,15132,40598,1304,15648,42220,1352,16224,47733,1396,16752,51275,1503,18036,54781,1609,19308
90004,48754,1296,15552,49675,1371,16452,52775,1469,17628,54947,1591,19092,58420,1767,21204,62655,1847,22164
90005,35149,1166,13992,38491,1264,15168,42398,1332,15984,44913,1446,17352,49226,1596,19152,52755,1651,19812
90006,35411,1091,13092,37072,1134,13608,37375,1175,14100,41068,1261,15132,47599,1369,16428,49847,1415,16980
90007,25226,1177,14124,27406,1218,14616,30530,1241,14892,33222,1277,15324,36326,1412,16944,36032,1504,18048
90008,39907,1279,15348,43364,1335,16020,47230,1404,16848,49379,1470,17640,57880,1596,19152,61822,1741,20892
90010,61849,1967,23604,63112,2000,24000,70500,2123,25476,76547,2342,28104,92454,2396,28752,100901,2683,32196
90011,36954,1198,14376,40940,1262,15144,44616,1324,15888,47126,1402,16824,51819,1507,18084,53781,1592,19104
90012,42275,1528,18336,47027,1727,20724,49905,1774,21288,53278,1928,23136,58444,2077,24924,67635,2170,26040
90013,21676,889,10668,22316,884,10608,21175,859,10308,22291,970,11640,24853,1200,14400,32848,1295,15540
90014,35857,1649,19788,40641,1828,21936,36429,1796,21552,31332,1648,19776,26550,1567,18804,33822,1761,21132
90015,39016,1305,15660,43890,1527,18324,48743,1997,23964,53062,2138,25656,61959,2394,28728,63211,2527,30324
90016,46680,1334,16008,48715,1390,16680,49958,1507,18084,53659,1570,18840,63090,1758,21096,71067,1862,22344
90017,31423,1044,12528,35605,1145,13740,36870,1170,14040,44607,1338,16056,46626,1550,18600,51317,1684,20208
90018,41768,1243,14916,45984,1301,15612,49644,1367,16404,55275,1451,17412,58987,1612,19344,63671,1607,19284
90019,52625,1424,17088,56389,1518,18216,58313,1587,19044,61616,1699,20388,65972,1813,21756,71395,1832,21984
90020,46504,1325,15900,49068,1399,16788,50207,1456,17472,51013,1549,18588,55321,1673,20076,55832,1755,21060
90021,15149,710,8520,21635,743,8916,21625,833,9996,25364,817,9804,29659,1039,12468,32250,1065,12780
90022,43366,1117,13404,46051,1151,13812,51183,1170,14040,57464,1233,14796,65142,1357,16284,67829,1435,17220
90023,41308,1119,13428,42972,1167,14004,45991,1206,14472,48293,1274,15288,52918,1382,16584,56623,1423,17076
90024,63306,2277,27324,65855,2361,28332,63344,2443,29316,67422,2587,31044,74852,2794,33528,79994,2884,34608
90025,83655,2004,24048,87280,2139,25668,97791,2237,26844,100453,2322,27864,103511,2455,29460,104627,2506,30072
90026,60820,1367,16404,65269,1439,17268,67435,1500,18000,70436,1642,19704,80549,1827,21924,85835,1939,23268
90027,64091,1455,17460,66947,1541,18492,71651,1633,19596,78356,1741,20892,86826,1940,23280,90532,2023,24276
90028,43998,1386,16632,45499,1432,17184,50253,1518,18216,52814,1615,19380,57258,1740,20880,59393,1813,21756
90029,39562,1165,13980,41998,1213,14556,45004,1275,15300,50822,1392,16704,56529,1585,19020,60793,1668,20016
90031,44343,1147,13764,48479,1188,14256,51076,1225,14700,53319,1301,15612,59889,1404,16848,62119,1474,17688
90032,50989,1205,14460,57225,1303,15636,59723,1353,16236,65761,1478,17736,76608,1614,19368,81563,1762,21144
90033,35548,1047,12564,38266,1111,13332,43646,1168,14016,49734,1236,14832,50616,1360,16320,56001,1429,17148
90034,71295,1682,20184,75714,1776,21312,80773,1862,22344,88490,1954,23448,97511,2155,25860,103082,2238,26856
90035,79534,1982,23784,89337,2089,25068,99367,2133,25596,101570,2239,26868,110520,2441,29292,108224,2567,30804
90036,80998,2214,26568,80539,2309,27708,84315,2323,27876,87868,2429,29148,97583,2652,31824,102877,2762,33144
90037,33856,1128,13536,35424,1175,14100,37945,1245,14940,45128,1368,16416,52238,1467,17604,56417,1527,18324
90038,39984,1256,15072,47116,1360,16320,48786,1440,17280,51096,1558,18696,57102,1721,20652,61566,1775,21300
90039,86031,1817,21804,90538,1865,22380,88104,1861,22332,99226,2025,24300,108338,2207,26484,105578,2314,27768
90040,46532,1183,14196,47120,1271,15252,54567,1234,14808,56948,1208,14496,62083,1384,16608,70909,1495,17940
90041,80547,1594,19128,85971,1664,19968,90461,1716,20592,95811,1852,22224,111938,2072,24864,111834,2198,26376
90042,59746,1416,16992,64267,1481,17772,73152,1573,18876,81853,1715,20580,89168,1903,22836,94401,2027,24324
90043,47500,1444,17328,54729,1533,18396,56285,1570,18840,60599,1641,19692,63990,1723,20676,65496,1859,22308
90044,34311,1161,13932,35981,1226,14712,39434,1273,15276,43388,1364,16368,48386,1522,18264,51433,1564,18768
90045,96812,2095,25140,104578,2250,27000,110535,2324,27888,115943,2524,30288,125692,2787,33444,132577,2916,34992
90046,67667,1688,20256,72266,1768,21216,72457,1863,22356,77162,1962,23544,87339,2176,26112,94259,2315,27780
90047,47477,1411,16932,52605,1464,17568,58830,1519,18228,62399,1633,19596,67018,1733,20796,70187,1817,21804
90048,95197,2159,25908,100586,2190,26280,93583,2167,26004,102567,2262,27144,102244,2402,28824,104227,2465,29580
90049,127658,2497,29964,129688,2632,31584,133032,2787,33444,143000,2984,35808,161605,3344,40128,169898,3451,41412
90056,86100,2138,25656,92656,2340,28080,84387,2242,26904,105744,2257,27084,123457,2609,31308,127252,2598,31176
90057,33861,1024,12288,37700,1084,13008,41748,1154,13848,43796,1267,15204,46513,1376,16512,44876,1404,16848
90058,20982,657,7884,21964,682,8184,27708,813,9756,33146,1091,13092,34093,1077,12924,36680,1186,14232
90059,41995,1257,15084,44838,1279,15348,44839,1315,15780,47682,1443,17316,50939,1473,17676,53840,1498,17976
90061,39739,1273,15276,42500,1261,15132,47468,1358,16296,50427,1472,17664,56837,1533,18396,60114,1595,19140
90062,44835,1367,16404,49443,1432,17184,52661,1479,17748,56500,1603,19236,61422,1652,19824,63652,1741,20892
90063,46613,1166,13992,48559,1209,14508,50913,1233,14796,57026,1295,15540,69307,1447,17364,71725,1509,18108
90064,95865,2314,27768,102117,2341,28092,103045,2387,28644,109357,2487,29844,123929,2783,33396,129703,2946,35352
90065,63147,1461,17532,67479,1552,18624,76080,1663,19956,80386,1760,21120,88329,1934,23208,92903,1980,23760
90066,79088,1765,21180,83899,1850,22200,87589,1977,23724,90983,1970,23640,100344,2164,25968,107786,2305,27660
90067,129306,2926,35112,118393,3132,37584,111299,3331,39972,109704,3859,46308,125995,4001,48012,135328,4001,48012
90068,83756,2033,24396,88535,2130,25560,87327,2152,25824,90733,2191,26292,97151,2419,29028,101720,2449,29388
90069,92952,1947,23364,93380,2050,24600,90546,2196,26352,98440,2392,28704,106133,2592,31104,110705,2687,32244
90071,-666666666,-666666666,-7999999992,61875,1790,21480,61895,1773,21276,-666666666,-666666666,-7999999992,-666666666,-666666666,-7999999992,-666666666,-666666666,-7999999992
90073,-666666666,-666666666,-7999999992,-666666666,-666666666,-7999999992,-666666666,-666666666,-7999999992,-666666666,-666666666,-7999999992,-666666666,-666666666,-7999999992,-666666666,-666666666,-7999999992
90077,210833,4001,48012,209531,4001,48012,222982,4001,48012,200625,4001,48012,203194,4001,48012,220464,4001,48012
90079,-666666666,-666666666,-7999999992,-666666666,-666666666,-7999999992,-666666666,-666666666,-7999999992,-666666666,-666666666,-7999999992,-666666666,-666666666,-7999999992,-666666666,-666666666,-7999999992
90089,-666666666,-666666666,-7999999992,-666666666,-666666666,-7999999992,-666666666,-666666666,-7999999992,-666666666,-666666666,-7999999992,-666666666,-666666666,-7999999992,-666666666,-666666666,-7999999992
90094,146325,3264,39168,155417,3275,39300,170634,3541,42492,166667,3688,44256,156536,3949,47388,159904,4001,48012
90095,-666666666,-666666666,-7999999992,-666666666,-666666666,-7999999992,-666666666,-666666666,-7999999992,-666666666,-666666666,-7999999992,-666666666,-666666666,-7999999992,-666666666,-666666666,-7999999992
90201,42255,1217,14604,44046,1272,15264,46109,1305,15660,49554,1377,16524,53692,1503,18036,56824,1592,19104
90210,143542,3268,39216,147270,3452,41424,152037,3771,45252,154740,4001,48012,172285,4001,48012,190382,4001,48012
90211,82212,2043,24516,86437,2059,24708,96111,2391,28692,89946,2590,31080,115025,2920,35040,118125,3144,37728
90212,93846,2270,27240,95080,2411,28932,86496,2337,28044,91663,2478,29736,101963,2854,34248,116238,2964,35568
90220,53988,1305,15660,57074,1346,16152,61279,1334,16008,65337,1416,16992,69901,1560,18720,77535,1727,20724
90221,48762,1344,16128,51377,1385,16620,53683,1432,17184,57610,1493,17916,64439,1610,19320,68191,1660,19920
90222,45689,1302,15624,49894,1346,16152,57101,1483,17796,63843,1520,18240,68722,1655,19860,76467,1744,20928
90230,80677,1759,21108,85524,1882,22584,87469,2017,24204,96837,2235,26820,107870,2425,29100,106827,2494,29928
90232,82164,1719,20628,90467,1791,21492,98116,1998,23976,105932,2294,27528,113278,2475,29700,125490,2685,32220
90240,82722,1825,21900,86383,1890,22680,87107,1853,22236,91518,1998,23976,99874,2160,25920,108860,2215,26580
90241,69308,1405,16860,72715,1512,18144,72274,1604,19248,75111,1723,20676,81220,1842,22104,84375,1968,23616
90242,66019,1560,18720,71233,1628,19536,73037,1669,20028,75005,1740,20880,81448,1882,22584,83238,1935,23220
90245,98813,1956,23472,109577,2211,26532,115846,2278,27336,126683,2392,28704,142596,2658,31896,149149,2714,32568
90247,51386,1271,15252,55561,1334,16008,61234,1401,16812,65598,1513,18156,70012,1686,20232,73851,1792,21504
90248,62179,1342,16104,61448,1355,16260,63620,1339,16068,69645,1435,17220,75865,1666,19992,81777,1675,20100
90249,59778,1390,16680,60669,1402,16824,65397,1433,17196,69670,1500,18000,83125,1688,20256,84921,1832,21984
90250,53303,1273,15276,56304,1346,16152,60162,1406,16872,65935,1531,18372,74616,1676,20112,74923,1776,21312
90254,137188,2336,28032,136702,2371,28452,142500,2451,29412,144388,2724,32688,149500,2958,35496,152019,3151,37812
90255,42581,1133,13596,44962,1188,14256,49366,1218,14616,53929,1275,15300,57013,1399,16788,61376,1485,17820
90260,62047,1525,18300,65340,1598,19176,70389,1635,19620,76236,1719,20628,80205,1875,22500,86736,1909,22908
90262,49801,1304,15648,52313,1382,16584,57236,1421,17052,61941,1497,17964,67620,1637,19644,70507,1724,20688
90263,-666666666,-666666666,-7999999992,-666666666,-666666666,-7999999992,-666666666,-666666666,-7999999992,-666666666,-666666666,-7999999992,-666666666,-666666666,-7999999992,-666666666,-666666666,-7999999992
90265,149202,2970,35640,152378,3048,36576,163909,3235,38820,175607,3607,43284,186264,3828,45936,191080,4001,48012
90266,150083,2880,34560,153023,2966,35592,153926,2961,35532,169586,3314,39768,187217,3768,45216,193904,3864,46368
90270,39760,1067,12804,44124,1132,13584,50996,1173,14076,54631,1243,14916,57741,1398,16776,61753,1469,17628
90272,194151,3229,38748,192500,3344,40128,199598,3637,43644,212115,3757,45084,225256,4001,48012,200985,4001,48012
90274,162163,3033,36396,169919,3203,38436,181776,3263,39156,186144,3666,43992,206013,3993,47916,222273,4001,48012
90275,133156,2666,31992,138293,2702,32424,145816,2879,34548,158952,3069,36828,166602,3170,38040,175212,3427,41124
90277,102281,2153,25836,106185,2228,26736,104859,2260,27120,111859,2358,28296,120008,2487,29844,131985,2687,32244
90278,118000,2261,27132,116783,2358,28296,126979,2382,28584,132479,2529,30348,143785,2709,32508,148581,2810,33720
90280,50246,1229,14748,52321,1263,15156,55084,1332,15984,59713,1379,16548,67287,1513,18156,71379,1565,18780
90290,118667,2979,35748,129772,3033,36396,129000,3536,42432,135262,4001,48012,138316,4001,48012,142148,4001,48012
90291,91779,2143,25716,99652,2289,27468,99496,2343,28116,105871,2464,29568,111610,2655,31860,119043,2819,33828
90292,109268,2864,34368,114726,3025,36300,121021,3072,36864,137813,3257,39084,136854,3508,42096,136964,3623,43476
90293,103874,2246,26952,105865,2363,28356,104814,2402,28824,110884,2502,30024,124688,2757,33084,130699,2816,33792
90301,44135,1276,15312,47464,1347,16164,51498,1398,16776,55111,1480,17760,61910,1658,19896,62991,1676,20112
90302,47863,1335,16020,51850,1427,17124,54432,1475,17700,62794,1587,19044,68662,1724,20688,72461,1812,21744
90303,50438,1357,16284,55897,1458,17496,62826,1533,18396,65077,1581,18972,67598,1704,20448,70853,1735,20820
90304,44574,1173,14076,49120,1220,14640,47612,1232,14784,50052,1319,15828,57647,1436,17232,63317,1515,18180
90305,74009,1740,20880,80165,1843,22116,88910,2006,24072,80281,1995,23940,85466,2189,26268,89030,2269,27228
90401,72872,1803,21636,82681,1872,22464,95217,2106,25272,90682,2270,27240,89892,2420,29040,106704,2563,30756
90402,147111,2800,33600,154583,2735,32820,145742,2992,35904,139667,3193,38316,171844,3610,43320,182688,4001,48012
90403,107335,2040,24480,107420,2061,24732,111611,2175,26100,113204,2270,27240,123391,2418,29016,121512,2537,30444
90404,75221,1647,19764,78542,1743,20916,75610,1825,21900,74591,2014,24168,87209,2254,27048,85081,2254,27048
90405,94446,1878,22536,95674,1950,23400,96352,2014,24168,97010,2135,25620,101713,2287,27444,114489,2428,29136
90501,70671,1537,18444,71712,1604,19248,75388,1600,19200,80816,1722,20664,89926,1871,22452,92815,1935,23220
90502,69824,1485,17820,73826,1570,18840,85515,1714,20568,89206,1755,21060,95528,1841,22092,98867,1960,23520
90503,90102,1829,21948,93063,1873,22476,97688,1924,23088,105142,2017,24204,117364,2247,26964,119685,2295,27540
90504,86563,1627,19524,90210,1695,20340,92636,1832,21984,97289,2022,24264,101773,2201,26412,105474,2337,28044
90505,96827,1803,21636,99764,1885,22620,95113,1920,23040,101043,2061,24732,108857,2237,26844,110690,2366,28392
90506,-666666666,-666666666,-7999999992,-666666666,-666666666,-7999999992,-666666666,-666666666,-7999999992,-666666666,-666666666,-7999999992,-666666666,-666666666,-7999999992,-666666666,-666666666,-7999999992
90601,74296,1479,17748,76732,1544,18528,76177,1564,18768,86268,1774,21288,96209,1906,22872,102267,1980,23760
90602,51237,1393,16716,55216,1431,17172,54752,1454,17448,55328,1567,18804,63956,1727,20724,67259,1834,22008
90603,98181,2063,24756,103535,2170,26040,104028,2102,25224,109485,2073,24876,117324,2239,26868,121222,2306,27672
90604,70877,1627,19524,74944,1692,20304,77898,1708,20496,88342,1795,21540,95570,1967,23604,101104,2096,25152
90605,75575,1640,19680,78297,1705,20460,77482,1707,20484,83667,1771,21252,94200,1916,22992,100825,2069,24828
90606,70640,1535,18420,74986,1596,19152,74717,1623,19476,82377,1753,21036,86596,1852,22224,94904,2024,24288
90631,79500,1608,19296,83629,1659,19908,86973,1776,21312,93045,1917,23004,98009,2013,24156,102208,2154,25848
90638,87429,1791,21492,95723,1876,22512,92508,1892,22704,97838,2081,24972,104114,2108,25296,110606,2320,27840
90640,53615,1303,15636,56009,1377,16524,62521,1466,17592,66460,1545,18540,72163,1697,20364,74833,1806,21672
90650,66453,1607,19284,70667,1675,20100,77425,1712,20544,83217,1785,21420,91259,1923,23076,98709,2016,24192
90660,65617,1432,17184,67636,1519,18228,70620,1539,18468,78056,1642,19704,82539,1776,21312,86956,1877,22524
90670,67500,1702,20424,71343,1673,20076,71318,1676,20112,76397,1826,21912,83259,1958,23496,87830,2119,25428
90701,63792,1546,18552,67765,1594,19128,74523,1785,21420,83321,1936,23232,92702,2125,25500,97712,2195,26340
90703,98934,1957,23484,105832,2029,24348,108844,2057,24684,115272,2151,25812,124240,2300,27600,133300,2353,28236
90704,69828,1517,18204,73287,1616,19392,77868,1749,20988,77644,1832,21984,89107,1931,23172,91644,2134,25608
90706,55729,1385,16620,60011,1440,17280,63848,1498,17976,70236,1608,19296,75379,1737,20844,77602,1835,22020
90710,59817,1293,15516,63907,1373,16476,65119,1372,16464,68537,1447,17364,75114,1561,18732,77486,1644,19728
90712,91242,1920,23040,96634,2003,24036,102687,2076,24912,108877,2092,25104,119143,2280,27360,119246,2248,26976
90713,100132,1932,23184,102970,1977,23724,108311,2046,24552,112118,2235,26820,123809,2481,29772,129397,2595,31140
90715,72616,1666,19992,76105,1731,20772,74471,1713,20556,79941,1883,22596,89113,2051,24612,94796,2109,25308
90716,45150,1321,15852,50149,1399,16788,61525,1452,17424,66537,1527,18324,73784,1677,20124,76235,1658,19896
90717,69150,1451,17412,71388,1515,18180,75286,1537,18444,85728,1623,19476,88111,1820,21840,92984,1983,23796
90723,53031,1351,16212,55670,1385,16620,57313,1446,17352,60493,1511,18132,67130,1667,20004,70912,1760,21120
90731,51161,1367,16404,53456,1428,17136,56881,1493,17916,61144,1594,19128,69019,1775,21300,71936,1789,21468
90732,99519,1965,23580,104567,2077,24924,101738,2252,27024,105297,2341,28092,115120,2548,30576,118658,2711,32532
90744,47776,1184,14208,50875,1227,14724,50965,1243,14916,55141,1335,16020,58869,1425,17100,61440,1478,17736
90745,76551,1531,18372,80176,1583,18996,86981,1597,19164,93759,1687,20244,103471,1866,22392,106457,1912,22944
90746,84523,1876,22512,89364,1934,23208,87713,1875,22500,96939,1961,23532,109596,2177,26124,113545,2197,26364
90747,-666666666,-666666666,-7999999992,-666666666,-666666666,-7999999992,-666666666,-666666666,-7999999992,-666666666,-666666666,-7999999992,-666666666,-666666666,-7999999992,-666666666,-666666666,-7999999992
90755,75461,1589,19068,75426,1621,19452,86140,1820,21840,79260,1821,21852,96521,2025,24300,102684,1933,23196
90802,53358,1300,15600,54616,1375,16500,60939,1456,17472,62720,1582,18984,69613,1771,21252,72152,1891,22692
90803,87870,1737,20844,90278,1827,21924,92230,1879,22548,98428,1980,23760,107889,2157,25884,111500,2251,27012
90804,49860,1346,16152,52948,1424,17088,52122,1457,17484,55647,1558,18696,64160,1729,20748,68940,1833,21996
90805,49370,1293,15516,50914,1326,15912,53299,1385,16620,57232,1501,18012,64848,1611,19332,68615,1708,20496
90806,49962,1234,14808,54437,1304,15648,57037,1380,16560,60172,1481,17772,67632,1600,19200,73674,1747,20964
90807,77488,1596,19152,78948,1640,19680,77966,1665,19980,81622,1747,20964,89319,1961,23532,95079,2060,24720
90808,109918,2085,25020,110625,2130,25560,111163,2155,25860,118814,2229,26748,131535,2381,28572,131959,2478,29736
90810,58095,1322,15864,60227,1317,15804,60486,1288,15456,67687,1421,17052,75152,1518,18216,82222,1633,19596
90813,36075,1098,13176,38449,1173,14076,41175,1228,14736,44867,1345,16140,48535,1485,17820,50302,1582,18984
90814,69867,1497,17964,73391,1570,18840,81925,1636,19632,84195,1788,21456,89776,1922,23064,98070,2031,24372
90815,88710,1998,23976,94559,2061,24732,100034,2180,26160,102939,2274,27288,110565,2390,28680,116567,2526,30312
90822,-666666666,-666666666,-7999999992,-666666666,-666666666,-7999999992,-666666666,-666666666,-7999999992,-666666666,-666666666,-7999999992,-666666666,-666666666,-7999999992,-666666666,-666666666,-7999999992
90831,-666666666,-666666666,-7999999992,-666666666,-666666666,-7999999992,-666666666,-666666666,-7999999992,-666666666,-666666666,-7999999992,-666666666,-666666666,-7999999992,-666666666,-666666666,-7999999992
91001,98289,1931,23172,101061,2058,24696,104577,2135,25620,114668,2343,28116,129030,2561,30732,133840,2681,32172
91006,100730,1969,23628,103224,2126,25512,105011,2068,24816,113817,2101,25212,123358,2221,26652,127511,2275,27300
91007,80166,1624,19488,83964,1731,20772,84833,1882,22584,87339,1976,23712,93128,2159,25908,101762,2289,27468
91008,117955,2821,33852,96500,3019,36228,108846,3724,44688,167500,4001,48012,139167,4001,48012,137500,4001,48012
91010,72381,1632,19584,74738,1643,19716,83051,1718,20616,88357,1900,22800,95172,1970,23640,98189,2006,24072
91011,161450,3529,42348,175652,3623,43476,170571,3756,45072,187297,3875,46500,210532,4001,48012,221451,3969,47628
91016,74076,1584,19008,77622,1669,20028,82801,1747,20964,88285,1843,22116,95606,2022,24264,99555,2105,25260
91020,73839,1723,20676,67742,1775,21300,65506,1824,21888,59412,1954,23448,61771,2153,25836,60899,2370,28440
91024,96630,1784,21408,100988,1880,22560,106719,1951,23412,116884,2154,25848,128056,2242,26904,141094,2319,27828
91030,96692,1808,21696,104432,1975,23700,109927,2079,24948,115088,2215,26580,127882,2357,28284,128105,2458,29496
91040,81940,1824,21888,86594,1861,22332,92280,1980,23760,98044,2159,25908,103823,2218,26616,104719,2193,26316
91042,55507,1614,19368,64532,1682,20184,66453,1640,19680,73115,1710,20520,81324,1904,22848,81707,2021,24252
91046,28125,1097,13164,-666666666,1292,15504,-666666666,1373,16476,-666666666,1322,15864,-666666666,1595,19140,-666666666,1603,19236
91101,65592,1676,20112,70075,1833,21996,72144,1948,23376,79154,2036,24432,86631,2211,26532,94180,2332,27984
91103,69059,1651,19812,71231,1714,20568,71600,1771,21252,73705,1949,23388,78513,2020,24240,84683,2168,26016
91104,74011,1706,20472,77919,1782,21384,78285,1774,21288,85049,1913,22956,93856,2091,25092,103052,2254,27048
91105,122917,2437,29244,131158,2518,30216,137637,2629,31548,143892,2758,33096,163253,3056,36672,156835,3114,37368
91106,80291,1727,20724,82211,1815,21780,84782,1850,22200,84153,1969,23628,91220,2181,26172,89213,2224,26688
91107,95630,1862,22344,102850,1991,23892,100866,1974,23688,111084,2186,26232,120822,2341,28092,124880,2406,28872
91108,158884,3298,39576,165765,3411,40932,163654,3562,42744,170223,3695,44340,173312,3870,46440,186023,3910,46920
91201,58004,1614,19368,60101,1661,19932,59073,1730,20760,59432,1890,22680,67102,2051,24612,74980,2115,25380
91202,70841,1810,21720,75703,1842,22104,81665,1959,23508,82476,2029,24348,90232,2218,26616,92343,2208,26496
91203,55783,1573,18876,61071,1672,20064,61384,1734,20808,66245,1996,23952,70650,2179,26148,77925,2326,27912
91204,45245,1402,16824,49122,1477,17724,55847,1587,19044,63443,1663,19956,69102,1884,22608,72906,1951,23412
91205,43769,1417,17004,44835,1516,18192,47160,1606,19272,48888,1684,20208,58290,1868,22416,59005,1946,23352
91206,62915,1644,19728,70141,1738,20856,74893,1848,22176,82664,2042,24504,85651,2173,26076,86684,2257,27084
91207,88365,1865,22380,85956,1918,23016,85107,2048,24576,103505,2309,27708,106984,2417,29004,108196,2481,29772
91208,102950,2435,29220,108374,2523,30276,104866,2416,28992,107000,2517,30204,112485,2788,33456,131229,2797,33564
91210,159500,2874,34488,135741,2943,35316,138333,2458,29496,105536,3198,38376,-666666666,4001,48012,102721,3923,47076
91214,100625,2216,26592,104981,2298,27576,108583,2342,28104,116201,2564,30768,126175,2789,33468,131716,2837,34044
91301,121614,2515,30180,124012,2713,32556,130315,2881,34572,142177,3033,36396,157582,3215,38580,166912,3370,40440
91302,129145,2883,34596,133996,2993,35916,149724,3076,36912,146521,3112,37344,172651,3451,41412,167470,3527,42324
91303,55130,1512,18144,61250,1583,18996,62848,1622,19464,66494,1737,20844,77437,1881,22572,76051,1991,23892
91304,68282,1602,19224,70505,1675,20100,71039,1771,21252,74987,1872,22464,79673,1999,23988,82289,2201,26412
91306,67869,1665,19980,69917,1718,20616,73894,1833,21996,77597,1939,23268,82380,2125,25500,88958,2278,27336
91307,116803,2572,30864,120474,2680,32160,119452,2804,33648,125343,2943,35316,130877,3180,38160,136154,3310,39720
91311,86156,2013,24156,91897,2112,25344,96432,2174,26088,101623,2261,27132,112172,2436,29232,117574,2587,31044
91316,74611,1793,21516,76978,1827,21924,76088,1911,22932,79858,2032,24384,85354,2199,26388,90802,2332,27984
91321,68831,1628,19536,73187,1768,21216,74986,1834,22008,74424,1915,22980,84503,2051,24612,93281,2194,26328
91324,75949,1850,22200,80260,1977,23724,83894,2080,24960,88003,2191,26292,100086,2386,28632,99834,2458,29496
91325,68642,1758,21096,71400,1788,21456,72041,1749,20988,73119,1840,22080,83853,1981,23772,92602,2140,25680
91326,112865,2565,30780,117590,2612,31344,120563,2649,31788,130322,2810,33720,142170,3142,37704,148636,3261,39132
91330,-666666666,-666666666,-7999999992,-666666666,-666666666,-7999999992,-666666666,-666666666,-7999999992,-666666666,-666666666,-7999999992,-666666666,-666666666,-7999999992,-666666666,-666666666,-7999999992
91331,60360,1614,19368,63807,1649,19788,64375,1665,19980,72089,1801,21612,76942,1897,22764,82025,2002,24024
91335,60413,1626,19512,63748,1670,20040,65740,1741,20892,68163,1841,22092,74632,1965,23580,77164,2046,24552
91340,53564,1488,17856,57398,1511,18132,64479,1579,18948,67638,1608,19296,71664,1763,21156,79124,1839,22068
91342,70106,1752,21024,74050,1835,22020,79572,1888,22656,84312,1979,23748,89264,2099,25188,95480,2218,26616
91343,62791,1559,18708,66661,1649,19788,67043,1696,20352,71380,1836,22032,77790,1954,23448,81719,2035,24420
91344,92286,2180,26160,96162,2208,26496,103329,2333,27996,104640,2479,29748,111897,2614,31368,116647,2754,33048
91345,75969,1790,21480,77273,1838,22056,80759,1826,21912,85659,2007,24084,93622,2057,24684,96345,2046,24552
91350,112664,2303,27636,117707,2330,27960,113028,2417,29004,122399,2568,30816,137626,2760,33120,135612,2951,35412
91351,80397,1822,21864,81758,1824,21888,85755,1901,22812,90671,2008,24096,104214,2194,26328,112888,2295,27540
91352,55177,1516,18192,57145,1564,18768,58696,1607,19284,65085,1677,20124,68132,1843,22116,74621,1882,22584
91354,126753,2545,30540,128308,2611,31332,130557,2737,32844,136229,2828,33936,145442,3019,36228,148818,3102,37224
91355,92707,1978,23736,95696,2131,25572,95640,2200,26400,104637,2354,28248,109752,2586,31032,109348,2680,32160
91356,74561,1931,23172,76929,1951,23412,80872,2062,24744,90886,2217,26604,105513,2451,29412,110094,2539,30468
91361,121331,2402,28824,119303,2432,29184,119659,2445,29340,122305,2593,31116,127304,2713,32556,131911,2895,34740
91364,103278,2503,30036,106225,2704,32448,110525,2891,34692,116443,2938,35256,128306,3124,37488,134534,3409,40908
91367,87699,2216,26592,96085,2330,27960,95212,2406,28872,98803,2501,30012,106355,2711,32532,109629,2811,33732
91371,-666666666,-666666666,-7999999992,-666666666,-666666666,-7999999992,-666666666,-666666666,-7999999992,-666666666,-666666666,-7999999992,-666666666,-666666666,-7999999992,-666666666,-666666666,-7999999992
91381,128310,2742,32904,135357,2801,33612,134115,3012,36144,144476,3057,36684,148873,3190,38280,146706,3377,40524
91384,108102,2181,26172,112122,2219,26628,111990,2281,27372,119866,2389,28668,127416,2564,30768,129603,2622,31464
91387,90433,2079,24948,98371,2123,25476,94545,2199,26388,100523,2301,27612,111090,2502,30024,114378,2617,31404
91390,116298,2340,28080,120617,2390,28680,121902,2259,27108,133150,2439,29268,145465,2684,32208,143963,2738,32856
91401,54058,1494,17928,53882,1552,18624,57493,1621,19452,65458,1690,20280,72476,1868,22416,75933,1951,23412
91402,42857,1358,16296,45796,1423,17076,48933,1444,17328,51485,1523,18276,55130,1674,20088,56369,1711,20532
91403,95944,2002,24024,104802,2234,26808,101021,2296,27552,104499,2509,30108,107970,2629,31548,114348,2766,33192
91405,43548,1291,15492,47037,1367,16404,49232,1442,17304,54391,1563,18756,58365,1686,20232,61207,1772,21264
91406,55542,1533,18396,59472,1599,19188,61880,1649,19788,64875,1726,20712,71819,1890,22680,76653,1968,23616
91411,54555,1457,17484,58605,1550,18600,61914,1615,19380,67430,1692,20304,73669,1868,22416,77582,1926,23112
91423,83732,1940,23280,90931,2010,24120,90783,2047,24564,97727,2245,26940,104205,2349,28188,112119,2427,29124
91436,149423,3205,38460,174085,3403,40836,153304,3354,40248,157898,3456,41472,155346,3841,46092,174803,4001,48012
91501,70326,1735,20820,67817,1718,20616,73622,1804,21648,78630,1981,23772,80198,2141,25692,85419,2212,26544
91502,38147,1441,17292,47148,1516,18192,53580,1605,19260,52906,1667,20004,59711,1874,22488,61443,1951,23412
91504,75825,1818,21816,83994,2003,24036,86295,2028,24336,89219,2064,24768,99318,2311,27732,103164,2367,28404
91505,84651,1885,22620,87138,1942,23304,89021,2030,24360,94610,2154,25848,104361,2337,28044,106364,2376,28512
91506,79148,1726,20712,81597,1778,21336,85086,1870,22440,83217,2054,24648,104009,2222,26664,107171,2279,27348
91601,52607,1514,18168,53911,1606,19272,57411,1738,20856,61761,1854,22248,73735,2054,24648,77540,2198,26376
91602,81917,1853,22236,84008,1877,22524,81795,1976,23712,83866,2007,24084,93210,2226,26712,97994,2335,28020
91604,103470,2168,26016,111341,2325,27900,119586,2431,29172,124271,2660,31920,132494,2771,33252,141317,2872,34464
91605,47000,1367,16404,50623,1433,17196,53335,1513,18156,56403,1638,19656,61031,1741,20892,64539,1802,21624
91606,46397,1323,15876,50155,1393,16716,54649,1493,17916,57146,1609,19308,64976,1768,21216,66884,1858,22296
91607,62139,1583,18996,71691,1691,20292,76092,1764,21168,80871,1851,22212,82995,2036,24432,84925,2096,25152
91608,-666666666,-666666666,-7999999992,-666666666,-666666666,-7999999992,-666666666,-666666666,-7999999992,-666666666,-666666666,-7999999992,56898,1884,22608,-666666666,-666666666,-7999999992
91702,62514,1474,17688,68852,1558,18696,68058,1636,19632,74175,1705,20460,82382,1853,22236,87577,1905,22860
91706,62161,1467,17604,65755,1499,17988,68773,1531,18372,72737,1627,19524,76348,1758,21096,79473,1788,21456
91711,97593,1862,22344,101270,1886,22632,100598,1932,23184,112430,2101,25212,115079,2265,27180,121970,2404,28848
91722,77459,1644,19728,80089,1678,20136,82441,1722,20664,86583,1848,22176,95157,2063,24756,98033,2156,25872
91723,64583,1498,17976,64422,1578,18936,70428,1625,19500,73977,1636,19632,82018,1765,21180,87363,1830,21960
91724,83598,1716,20592,82976,1807,21684,84679,1855,22260,90799,1944,23328,96720,2116,25392,102129,2220,26640
91731,39383,1116,13392,42293,1189,14268,48723,1271,15252,52758,1333,15996,57047,1460,17520,60887,1545,18540
91732,51899,1301,15612,51268,1342,16104,56098,1383,16596,58883,1494,17928,62047,1651,19812,67172,1742,20904
91733,45519,1231,14772,50691,1307,15684,57500,1345,16140,59375,1406,16872,63883,1579,18948,67245,1631,19572
91740,82447,1648,19776,85590,1742,20904,89655,1815,21780,92975,1933,23196,96433,2006,24072,98819,2169,26028
91741,105874,1975,23700,110430,1999,23988,108750,2064,24768,113446,2167,26004,117252,2355,28260,127063,2489,29868
91744,66278,1450,17400,71243,1493,17916,74100,1495,17940,80266,1609,19308,86290,1726,20712,92624,1756,21072
91745,84224,1769,21228,85975,1807,21684,88702,1759,21108,94608,1832,21984,101427,1928,23136,106611,1982,23784
91746,68254,1475,17700,70825,1509,18108,77740,1594,19128,79042,1655,19860,83634,1832,21984,84967,1960,23520
91748,71000,1585,19020,74438,1624,19488,73948,1623,19476,77183,1694,20328,83610,1851,22212,83455,1910,22920
91750,86352,1641,19692,89360,1692,20304,93166,1739,20868,96184,1894,22728,103774,2067,24804,104827,2268,27216
91754,60261,1377,16524,63909,1391,16692,66218,1485,17820,71735,1564,18768,83490,1723,20676,81890,1827,21924
91755,52624,1379,16548,58411,1420,17040,59285,1506,18072,66355,1572,18864,70459,1684,20208,74362,1738,20856
91759,52250,1052,12624,71042,1321,15852,97109,-666666666,-7999999992,101688,-666666666,-7999999992,111071,-666666666,-7999999992,118750,588,7056
91765,97968,2022,24264,100480,2086,25032,101161,2084,25008,99705,2170,26040,105712,2252,27024,104737,2272,27264
91766,55785,1429,17148,59819,1490,17880,61018,1454,17448,67756,1532,18384,72692,1628,19536,77699,1734,20808
91767,57521,1419,17028,62153,1516,18192,63283,1535,18420,70039,1606,19272,75870,1771,21252,80201,1856,22272
91768,51149,1350,16200,56002,1425,17100,62136,1412,16944,64820,1477,17724,71462,1576,18912,76313,1617,19404
91770,53506,1319,15828,59776,1385,16620,61394,1422,17064,65042,1526,18312,70863,1622,19464,73757,1641,19692
91773,84355,1791,21492,86201,1856,22272,89669,1919,23028,100614,2064,24768,101466,2204,26448,105926,2262,27144
91775,82598,1693,20316,86415,1727,20724,94024,1833,21996,99362,1873,22476,107359,1994,23928,113703,2122,25464
91776,54131,1398,16776,58658,1457,17484,65563,1479,17748,70538,1606,19272,77147,1739,20868,79926,1796,21552
91780,68456,1587,19044,75672,1688,20256,83029,1763,21156,88119,1848,22176,94946,1990,23880,101746,1979,23748
91789,99398,2052,24624,101841,2051,24612,105848,2085,25020,116583,2218,26616,123555,2383,28596,125742,2420,29040
91790,79926,1695,20340,82128,1775,21300,84505,1818,21816,93181,1967,23604,97868,2104,25248,100142,2181,26172
91791,80890,1804,21648,84530,1804,21648,87147,1800,21600,89794,1891,22692,96470,1997,23964,100365,2149,25788
91792,77333,1697,20364,82954,1724,20688,85040,1793,21516,88610,1911,22932,94439,2091,25092,96383,2179,26148
91801,55832,1380,16560,60519,1468,17616,66804,1532,18384,73060,1677,20124,81580,1836,22032,85549,1885,22620
91803,60394,1397,16764,63264,1435,17220,66169,1454,17448,72773,1573,18876,76694,1706,20472,84537,1759,21108
92397,61496,1141,13692,68640,1080,12960,63705,1105,13260,66591,1255,15060,77171,1389,16668,86370,1562,18744
92821,89970,1864,22368,91531,1937,23244,96700,2060,24720,105330,2123,25476,114444,2288,27456,116660,2317,27804
93243,40595,970,11640,44219,917,11004,34006,967,11604,24351,881,10572,-666666666,982,11784,34737,971,11652
93510,102563,2120,25440,105714,2199,26388,101750,2214,26568,113056,2328,27936,123438,2560,30720,118462,2554,30648
93532,62932,1250,15000,64969,1428,17136,76250,1608,19296,80357,1660,19920,98788,1797,21564,99432,1832,21984
93534,39906,1093,13116,41537,1144,13728,43247,1188,14256,46875,1302,15624,55945,1444,17328,58891,1537,18444
93535,43929,1128,13536,46600,1179,14148,49304,1259,15108,51560,1363,16356,61183,1477,17724,65989,1615,19380
93536,75380,1609,19308,79990,1633,19596,84674,1655,19860,89987,1786,21432,97418,1977,23724,102927,2059,24708
93543,48542,1295,15540,51719,1177,14124,57003,1182,14184,61936,1265,15180,69727,1427,17124,69375,1412,16944
93544,44156,1451,17412,43913,1383,16596,38523,1116,13392,73409,1324,15888,80560,1189,14268,87069,1094,13128
93550,41675,1184,14208,45918,1218,14616,48002,1223,14676,54693,1334,16008,61394,1494,17928,63811,1569,18828
93551,92500,1849,22188,93055,1854,22248,93637,1941,23292,98181,2023,24276,107133,2266,27192,110850,2366,28392
93552,63261,1514,18168,65728,1582,18984,66289,1586,19032,73074,1706,20472,85890,1889,22668,84894,1931,23172
93553,57833,1120,13440,51630,1294,15528,62875,1283,15396,59805,1316,15792,71587,1581,18972,73029,1209,14508
93563,82656,1082,12984,-666666666,1191,14292,200625,2023,24276,210600,2120,25440,-666666666,2710,32520,-666666666,2710,32520
93591,46258,1038,12456,47453,1084,13008,48911,1091,13092,53733,1216,14592,57826,1341,16092,60903,1504,18048
