Zip_Code,Average_Elevation_m,Fire_Incident_Count,Fire_Duration_Mean,Fire_Duration_Max,Fire_Duration_Sum,Fire_Acres_Mean,Fire_Acres_Max,Fire_Acres_Sum,log_acres,log_duration,CompositeRisk,RiskLabel,RiskEncoded,Predicted_Class,Class_Label,Prob_NoFire,Prob_Low,Prob_Medium,Prob_High
91304,0.0,0.0,0.0,0.0,0.0,0.0,0.0,0.0,0.0,0.0,0.0,No Fire,3,3,No Fire,0.8230849823704549,0.08889719660491592,0.04891637997071255,0.03910144105391662
91311,0.0,0.0,0.0,0.0,0.0,0.0,0.0,0.0,0.0,0.0,0.0,No Fire,3,3,No Fire,0.8230849823704549,0.08889719660491592,0.04891637997071255,0.03910144105391662
91303,0.0,0.0,0.0,0.0,0.0,0.0,0.0,0.0,0.0,0.0,0.0,No Fire,3,3,No Fire,0.8230849823704549,0.08889719660491592,0.04891637997071255,0.03910144105391662
91307,0.0,0.0,0.0,0.0,0.0,0.0,0.0,0.0,0.0,0.0,0.0,No Fire,3,3,No Fire,0.8230849823704549,0.08889719660491592,0.04891637997071255,0.03910144105391662
91367,0.0,0.0,0.0,0.0,0.0,0.0,0.0,0.0,0.0,0.0,0.0,No Fire,3,3,No Fire,0.8230849823704549,0.08889719660491592,0.04891637997071255,0.03910144105391662
91364,0.0,1.0,0.2993,0.2993,0.2993,1.0,1.0,1.0,0.6931471805599453,0.2618256579065536,0.18148371657618037,Low,1,1,Low,0.026927322550472726,0.8856020281437738,0.07075558451837521,0.0167150647873784
91301,0.0,15.0,0.51422,1.4132,7.7133,0.4066666666666666,2.0,6.1,1.9600947840472698,2.1648505939659435,4.24331235747428,Low,1,1,Low,6.137639497770631e-22,0.534317446842199,0.46567865775682005,3.895400980973365e-06
91302,0.0,36.0,1.1039138888888889,7.3729,39.740899999999996,19.855555555555558,516.0,714.8000000000001,6.573400798331925,3.7072325018654015,24.369125087364093,High,0,0,High,0.0,6.991698995994837e-162,0.00039499610623977994,0.9996050038937602
91361,0.0,5.0,0.9643200000000001,2.4917,4.8216,3.02,10.0,15.1,2.7788192719904172,1.7615751380507396,4.895098942674575,Low,1,1,Low,4.871273977242568e-20,0.8348163164778616,0.16374602317892878,0.0014376603432097966
90265,0.0,79.0,1.1565822784810127,30.2722,91.37,1.5724050632911393,55.0,124.22,4.830072190317164,4.525802250604519,21.85995158951972,Medium,2,2,Medium,2.543407052911763e-201,2.34400394118486e-30,1.0,2.1365487397646043e-18
90290,0.0,15.0,0.6358333333333334,3.3493,9.5375,0.43200000000000005,2.2,6.48,2.012232791986386,2.3549403233279738,4.738688141771571,Low,1,1,Low,2.1524605721914602e-23,0.535767285004318,0.4642288829762895,3.832019392398982e-06
91335,0.0,0.0,0.0,0.0,0.0,0.0,0.0,0.0,0.0,0.0,0.0,No Fire,3,3,No Fire,0.8230849823704549,0.08889719660491592,0.04891637997071255,0.03910144105391662
91325,0.0,0.0,0.0,0.0,0.0,0.0,0.0,0.0,0.0,0.0,0.0,No Fire,3,3,No Fire,0.8230849823704549,0.08889719660491592,0.04891637997071255,0.03910144105391662
91324,0.0,0.0,0.0,0.0,0.0,0.0,0.0,0.0,0.0,0.0,0.0,No Fire,3,3,No Fire,0.8230849823704549,0.08889719660491592,0.04891637997071255,0.03910144105391662
91306,0.0,0.0,0.0,0.0,0.0,0.0,0.0,0.0,0.0,0.0,0.0,No Fire,3,3,No Fire,0.8230849823704549,0.08889719660491592,0.04891637997071255,0.03910144105391662
91316,0.0,1.0,0.091,0.091,0.091,0.8,0.8,0.8,0.5877866649021191,0.08709470685093376,0.051193107270538094,Low,1,1,Low,0.07218211466714361,0.8348663429811775,0.07167571241358271,0.021275829938096312
91356,0.0,1.0,0.5653,0.5653,0.5653,2.65,2.65,2.65,1.2947271675944,0.4480774989120402,0.5801381110291687,Low,1,1,Low,0.00011230274570903103,0.9191956498602992,0.06867471145849693,0.012017335935494854
91406,0.0,0.0,0.0,0.0,0.0,0.0,0.0,0.0,0.0,0.0,0.0,No Fire,3,3,No Fire,0.8230849823704549,0.08889719660491592,0.04891637997071255,0.03910144105391662
91402,0.0,0.0,0.0,0.0,0.0,0.0,0.0,0.0,0.0,0.0,0.0,No Fire,3,3,No Fire,0.8230849823704549,0.08889719660491592,0.04891637997071255,0.03910144105391662
91405,0.0,0.0,0.0,0.0,0.0,0.0,0.0,0.0,0.0,0.0,0.0,No Fire,3,3,No Fire,0.8230849823704549,0.08889719660491592,0.04891637997071255,0.03910144105391662
91411,0.0,0.0,0.0,0.0,0.0,0.0,0.0,0.0,0.0,0.0,0.0,No Fire,3,3,No Fire,0.8230849823704549,0.08889719660491592,0.04891637997071255,0.03910144105391662
91401,0.0,0.0,0.0,0.0,0.0,0.0,0.0,0.0,0.0,0.0,0.0,No Fire,3,3,No Fire,0.8230849823704549,0.08889719660491592,0.04891637997071255,0.03910144105391662
91423,0.0,1.0,1.3028,1.3028,1.3028,4.0,4.0,4.0,1.6094379124341003,0.8341257738195175,1.3424736441235627,Low,1,1,Low,4.4833884162830276e-07,0.9248306426465777,0.069792901114321,0.005376007900259482
91403,0.0,0.0,0.0,0.0,0.0,0.0,0.0,0.0,0.0,0.0,0.0,No Fire,3,3,No Fire,0.8230849823704549,0.08889719660491592,0.04891637997071255,0.03910144105391662
91436,0.0,0.0,0.0,0.0,0.0,0.0,0.0,0.0,0.0,0.0,0.0,No Fire,3,3,No Fire,0.8230849823704549,0.08889719660491592,0.04891637997071255,0.03910144105391662
90210,0.0,4.0,65.49305,261.184,261.9722,0.3,0.48,1.2,0.7884573603642702,5.572048323168711,4.393322512707759,Low,1,1,Low,1.5433048768659633e-181,0.9954606008038407,0.004539399196159328,8.724436048520688e-29
90077,0.0,0.0,0.0,0.0,0.0,0.0,0.0,0.0,0.0,0.0,0.0,No Fire,3,3,No Fire,0.8230849823704549,0.08889719660491592,0.04891637997071255,0.03910144105391662
90049,0.0,2.0,9.7219,15.9757,19.4438,343.0,656.0,686.0,6.532334292222349,3.0176796580368155,19.7124923131357,Medium,2,1,Low,0.0,0.524812781519654,1.6913362262103777e-07,0.47518704934672346
91605,0.0,0.0,0.0,0.0,0.0,0.0,0.0,0.0,0.0,0.0,0.0,No Fire,3,3,No Fire,0.8230849823704549,0.08889719660491592,0.04891637997071255,0.03910144105391662
91352,0.0,0.0,0.0,0.0,0.0,0.0,0.0,0.0,0.0,0.0,0.0,No Fire,3,3,No Fire,0.8230849823704549,0.08889719660491592,0.04891637997071255,0.03910144105391662
90001,0.0,0.0,0.0,0.0,0.0,0.0,0.0,0.0,0.0,0.0,0.0,No Fire,3,3,No Fire,0.8230849823704549,0.08889719660491592,0.04891637997071255,0.03910144105391662
91606,0.0,0.0,0.0,0.0,0.0,0.0,0.0,0.0,0.0,0.0,0.0,No Fire,3,3,No Fire,0.8230849823704549,0.08889719660491592,0.04891637997071255,0.03910144105391662
90066,0.0,0.0,0.0,0.0,0.0,0.0,0.0,0.0,0.0,0.0,0.0,No Fire,3,3,No Fire,0.8230849823704549,0.08889719660491592,0.04891637997071255,0.03910144105391662
91601,0.0,0.0,0.0,0.0,0.0,0.0,0.0,0.0,0.0,0.0,0.0,No Fire,3,3,No Fire,0.8230849823704549,0.08889719660491592,0.04891637997071255,0.03910144105391662
91607,0.0,0.0,0.0,0.0,0.0,0.0,0.0,0.0,0.0,0.0,0.0,No Fire,3,3,No Fire,0.8230849823704549,0.08889719660491592,0.04891637997071255,0.03910144105391662
91602,0.0,0.0,0.0,0.0,0.0,0.0,0.0,0.0,0.0,0.0,0.0,No Fire,3,3,No Fire,0.8230849823704549,0.08889719660491592,0.04891637997071255,0.03910144105391662
91604,0.0,1.0,0.4993,0.4993,0.4993,0.4,0.4,0.4,0.33647223662121295,0.4049983325187204,0.13627069477043557,Low,1,1,Low,0.10432119761248494,0.807302316038542,0.07424461627897072,0.014131870070002403
90068,0.0,0.0,0.0,0.0,0.0,0.0,0.0,0.0,0.0,0.0,0.0,No Fire,3,3,No Fire,0.8230849823704549,0.08889719660491592,0.04891637997071255,0.03910144105391662
90046,0.0,0.0,0.0,0.0,0.0,0.0,0.0,0.0,0.0,0.0,0.0,No Fire,3,3,No Fire,0.8230849823704549,0.08889719660491592,0.04891637997071255,0.03910144105391662
91504,0.0,0.0,0.0,0.0,0.0,0.0,0.0,0.0,0.0,0.0,0.0,No Fire,3,3,No Fire,0.8230849823704549,0.08889719660491592,0.04891637997071255,0.03910144105391662
91505,0.0,0.0,0.0,0.0,0.0,0.0,0.0,0.0,0.0,0.0,0.0,No Fire,3,3,No Fire,0.8230849823704549,0.08889719660491592,0.04891637997071255,0.03910144105391662
90601,0.0,0.0,0.0,0.0,0.0,0.0,0.0,0.0,0.0,0.0,0.0,No Fire,3,3,No Fire,0.8230849823704549,0.08889719660491592,0.04891637997071255,0.03910144105391662
91506,0.0,0.0,0.0,0.0,0.0,0.0,0.0,0.0,0.0,0.0,0.0,No Fire,3,3,No Fire,0.8230849823704549,0.08889719660491592,0.04891637997071255,0.03910144105391662
91501,0.0,0.0,0.0,0.0,0.0,0.0,0.0,0.0,0.0,0.0,0.0,No Fire,3,3,No Fire,0.8230849823704549,0.08889719660491592,0.04891637997071255,0.03910144105391662
91502,0.0,0.0,0.0,0.0,0.0,0.0,0.0,0.0,0.0,0.0,0.0,No Fire,3,3,No Fire,0.8230849823704549,0.08889719660491592,0.04891637997071255,0.03910144105391662
91342,0.0,130.0,1.689423076923077,60.6646,219.625,190.61084615384615,15619.0,24779.41,10.117808700647547,5.396464427687561,54.60039473919219,High,0,0,High,0.0,0.0,6.406376520165593e-170,1.0
91387,0.0,52.0,5.830819230769231,146.0736,303.2026,1594.300576923077,41432.0,82903.63,11.325446189986005,5.717693926797214,64.75543489875163,High,0,0,High,0.0,0.0,0.0,1.0
91340,0.0,0.0,0.0,0.0,0.0,0.0,0.0,0.0,0.0,0.0,0.0,No Fire,3,3,No Fire,0.8230849823704549,0.08889719660491592,0.04891637997071255,0.03910144105391662
91331,0.0,1.0,0.0708,0.0708,0.0708,0.1,0.1,0.1,0.09531017980432487,0.0684060326640604,0.006519791272912116,Low,1,1,Low,0.39034465859491846,0.5164967044697556,0.07141226514816094,0.021746371787165153
91040,0.0,42.0,0.3800047619047619,2.725,15.9602,1.9400000000000002,20.0,81.48,4.412555839708705,2.8308694227470568,12.491369402795335,Medium,2,2,Medium,3.0465084933524527e-96,0.001091902238286617,0.9989080977577804,3.932839080581986e-12
91042,0.0,72.0,0.8882611111111111,8.2035,63.9548,97.57125,7000.0,7025.13,8.857391335358841,4.173691643388226,36.968020198606474,High,0,0,High,0.0,0.0,1.5685647005379755e-110,1.0
91024,0.0,22.0,7.2887045454545465,127.1938,160.35150000000002,5273.564090909091,115998.17,116018.41,11.66151278367701,5.083585215015031,59.282293971809224,High,0,0,High,0.0,0.0,0.0,1.0
90057,0.0,0.0,0.0,0.0,0.0,0.0,0.0,0.0,0.0,0.0,0.0,No Fire,3,3,No Fire,0.8230849823704549,0.08889719660491592,0.04891637997071255,0.03910144105391662
91214,0.0,0.0,0.0,0.0,0.0,0.0,0.0,0.0,0.0,0.0,0.0,No Fire,3,3,No Fire,0.8230849823704549,0.08889719660491592,0.04891637997071255,0.03910144105391662
91344,0.0,0.0,0.0,0.0,0.0,0.0,0.0,0.0,0.0,0.0,0.0,No Fire,3,3,No Fire,0.8230849823704549,0.08889719660491592,0.04891637997071255,0.03910144105391662
91345,0.0,1.0,0.0472,0.0472,0.0472,0.1,0.1,0.1,0.09531017980432487,0.04611993561355312,0.004395699355891633,Low,1,1,Low,0.39998665304639747,0.5066623144435223,0.0711279778181228,0.02222305469195737
91343,0.0,0.0,0.0,0.0,0.0,0.0,0.0,0.0,0.0,0.0,0.0,No Fire,3,3,No Fire,0.8230849823704549,0.08889719660491592,0.04891637997071255,0.03910144105391662
90045,0.0,0.0,0.0,0.0,0.0,0.0,0.0,0.0,0.0,0.0,0.0,No Fire,3,3,No Fire,0.8230849823704549,0.08889719660491592,0.04891637997071255,0.03910144105391662
91326,0.0,0.0,0.0,0.0,0.0,0.0,0.0,0.0,0.0,0.0,0.0,No Fire,3,3,No Fire,0.8230849823704549,0.08889719660491592,0.04891637997071255,0.03910144105391662
91351,0.0,6.0,0.5537,2.1062,3.3222,1.7249999999999999,4.0,10.35,2.4292177439274116,1.4637645318867896,3.5558027737909907,Low,1,1,Low,5.377923451052744e-15,0.7724261500974527,0.22682834743141858,0.0007455024711232515
91350,0.0,7.0,0.5043714285714286,1.1715,3.5306,7.8,40.0,54.6,4.018183201256536,1.5108543810552977,6.070889693501239,Low,1,2,Medium,2.828230351110552e-54,0.2662006956126029,0.7192308430682615,0.014568461319135528
91354,0.0,4.0,0.13315,0.2014,0.5326,2.275,4.0,9.1,2.312535423847214,0.4269656395541669,0.987373166234592,Low,1,1,Low,5.1337858546164067e-11,0.8421655264114705,0.15444005620838905,0.0033944173288025926
91355,0.0,6.0,1.6066,7.6021,9.6396,2175.65,7000.0,13053.9,9.476918821203471,2.3645828892218645,22.40896008716237,Medium,2,0,High,0.0,0.0,6.784525693341373e-33,1.0
91384,0.0,341.0,1.3661202346041055,52.0514,465.847,50.586627565982404,10466.68,17250.04,9.755627710497219,6.146001580862378,59.95810333102072,High,0,0,High,0.0,0.0,9.183759959089904e-79,1.0
91390,0.0,236.0,4.483316525423729,214.8583,1058.0627,292.1022088983051,30274.0,68936.1213,11.140950082599083,6.96513955064762,77.59827205210173,High,0,0,High,0.0,0.0,2.1035271659809704e-157,1.0
91321,0.0,43.0,1.1204813953488373,13.934,48.1807,30.406976744186046,750.0,1307.5,7.1766367219702,3.895501270114975,27.956597465588686,High,0,0,High,0.0,0.0,0.0006824150205195673,0.9993175849794805
91381,0.0,4.0,14.465275,31.4979,57.8611,554.6925,1109.0,2218.77,7.7051588658954975,4.075180431043885,31.39991262838162,High,0,0,High,0.0,0.003811695437923261,0.026650030776120916,0.9695382737859558
93551,0.0,25.0,0.562276,3.0556,14.0569,12.462,200.0,311.55,5.744764456377822,2.7118363578896165,15.578861120317354,Medium,2,2,Medium,3.137455877880624e-271,2.4622890123915217e-60,0.9967197642460252,0.003280235753974929
93534,0.0,0.0,0.0,0.0,0.0,0.0,0.0,0.0,0.0,0.0,0.0,No Fire,3,3,No Fire,0.8230849823704549,0.08889719660491592,0.04891637997071255,0.03910144105391662
93550,0.0,90.0,1.7596922222222222,31.7694,158.3723,0.8143333333333334,23.8,73.29,4.307976353163715,5.071242974592717,21.84679481569304,Medium,2,2,Medium,2.2652441550361714e-196,1.8183520325549543e-66,1.0,1.476459032750489e-19
93552,0.0,22.0,2.6544545454545454,31.0674,58.398,0.5277272727272727,4.3,11.61,2.534490149976828,4.084260555768081,10.351518148533087,Medium,2,2,Medium,8.16678885830045e-58,1.849531428580653e-14,0.999999443267807,5.56732174529856e-07
93591,0.0,0.0,0.0,0.0,0.0,0.0,0.0,0.0,0.0,0.0,0.0,No Fire,3,3,No Fire,0.8230849823704549,0.08889719660491592,0.04891637997071255,0.03910144105391662
93543,0.0,16.0,1.5244375,10.0764,24.391,5.309375,34.4,84.95,4.453765731828859,3.234394780525871,14.405236636712246,Medium,2,2,Medium,1.3741180268960493e-84,2.6541003085491732e-22,0.9999771548899509,2.2845110049076537e-05
93535,0.0,0.0,0.0,0.0,0.0,0.0,0.0,0.0,0.0,0.0,0.0,No Fire,3,3,No Fire,0.8230849823704549,0.08889719660491592,0.04891637997071255,0.03910144105391662
93544,0.0,14.0,1.0760357142857142,3.1771,15.064499999999999,28.842857142857145,375.0,403.8,6.003393117973256,2.7766118685229384,16.669092582773473,Medium,2,0,High,0.0,1.3455065069886688e-52,7.361119544365823e-06,0.9999926388804556
93553,0.0,28.0,15.75345,179.1729,441.0966,0.8214285714285714,14.0,23.0,3.1780538303479458,6.09152841023488,19.359205196820295,Medium,2,0,High,3.0880842673164303e-243,3.163233516501745e-243,0.0006019993115790334,0.999398000688421
93510,0.0,110.0,4.312820909090909,215.8806,474.41029999999995,10.045,692.0,1104.95,7.008459973103769,6.1641782206568925,43.201396326551844,High,0,0,High,0.0,0.0,0.24335344960978242,0.7566465503902177
92397,0.0,53.0,4.48351320754717,66.8403,237.6262,3.9632075471698114,200.0,210.05,5.352095072228508,5.474898310844163,29.302176270421228,High,0,2,Medium,0.0,1.5982942014216277e-159,0.9968971563405032,0.0031028436594966605
93536,0.0,20.0,1.29204,12.2569,25.8408,37.17999999999999,229.0,743.5999999999999,6.612847161438617,3.289923117918598,21.755758751679284,Medium,2,2,Medium,0.0,1.5378563194297828e-207,0.9963701089820808,0.003629891017919188
93532,0.0,50.0,4.163178,95.1389,208.15890000000002,638.5476,30999.42,31927.379999999997,10.371250548436747,5.343094250174335,55.414569172469804,High,0,0,High,0.0,0.0,0.0,1.0
93243,0.0,90.0,1.568848888888889,32.9347,141.1964,24.750555555555557,1715.38,2227.55,7.709106428751472,4.9572092005929775,38.215653316957265,High,0,0,High,0.0,0.0,1.347527398545042e-15,0.9999999999999987
90056,0.0,0.0,0.0,0.0,0.0,0.0,0.0,0.0,0.0,0.0,0.0,No Fire,3,3,No Fire,0.8230849823704549,0.08889719660491592,0.04891637997071255,0.03910144105391662
90302,0.0,0.0,0.0,0.0,0.0,0.0,0.0,0.0,0.0,0.0,0.0,No Fire,3,3,No Fire,0.8230849823704549,0.08889719660491592,0.04891637997071255,0.03910144105391662
90043,0.0,0.0,0.0,0.0,0.0,0.0,0.0,0.0,0.0,0.0,0.0,No Fire,3,3,No Fire,0.8230849823704549,0.08889719660491592,0.04891637997071255,0.03910144105391662
90047,0.0,0.0,0.0,0.0,0.0,0.0,0.0,0.0,0.0,0.0,0.0,No Fire,3,3,No Fire,0.8230849823704549,0.08889719660491592,0.04891637997071255,0.03910144105391662
90036,0.0,0.0,0.0,0.0,0.0,0.0,0.0,0.0,0.0,0.0,0.0,No Fire,3,3,No Fire,0.8230849823704549,0.08889719660491592,0.04891637997071255,0.03910144105391662
90305,0.0,0.0,0.0,0.0,0.0,0.0,0.0,0.0,0.0,0.0,0.0,No Fire,3,3,No Fire,0.8230849823704549,0.08889719660491592,0.04891637997071255,0.03910144105391662
90301,0.0,0.0,0.0,0.0,0.0,0.0,0.0,0.0,0.0,0.0,0.0,No Fire,3,3,No Fire,0.8230849823704549,0.08889719660491592,0.04891637997071255,0.03910144105391662
90304,0.0,0.0,0.0,0.0,0.0,0.0,0.0,0.0,0.0,0.0,0.0,No Fire,3,3,No Fire,0.8230849823704549,0.08889719660491592,0.04891637997071255,0.03910144105391662
90303,0.0,0.0,0.0,0.0,0.0,0.0,0.0,0.0,0.0,0.0,0.0,No Fire,3,3,No Fire,0.8230849823704549,0.08889719660491592,0.04891637997071255,0.03910144105391662
90250,0.0,0.0,0.0,0.0,0.0,0.0,0.0,0.0,0.0,0.0,0.0,No Fire,3,3,No Fire,0.8230849823704549,0.08889719660491592,0.04891637997071255,0.03910144105391662
90059,0.0,0.0,0.0,0.0,0.0,0.0,0.0,0.0,0.0,0.0,0.0,No Fire,3,3,No Fire,0.8230849823704549,0.08889719660491592,0.04891637997071255,0.03910144105391662
90249,0.0,0.0,0.0,0.0,0.0,0.0,0.0,0.0,0.0,0.0,0.0,No Fire,3,3,No Fire,0.8230849823704549,0.08889719660491592,0.04891637997071255,0.03910144105391662
90504,0.0,0.0,0.0,0.0,0.0,0.0,0.0,0.0,0.0,0.0,0.0,No Fire,3,3,No Fire,0.8230849823704549,0.08889719660491592,0.04891637997071255,0.03910144105391662
90247,0.0,0.0,0.0,0.0,0.0,0.0,0.0,0.0,0.0,0.0,0.0,No Fire,3,3,No Fire,0.8230849823704549,0.08889719660491592,0.04891637997071255,0.03910144105391662
90260,0.0,0.0,0.0,0.0,0.0,0.0,0.0,0.0,0.0,0.0,0.0,No Fire,3,3,No Fire,0.8230849823704549,0.08889719660491592,0.04891637997071255,0.03910144105391662
90278,0.0,0.0,0.0,0.0,0.0,0.0,0.0,0.0,0.0,0.0,0.0,No Fire,3,3,No Fire,0.8230849823704549,0.08889719660491592,0.04891637997071255,0.03910144105391662
90248,0.0,0.0,0.0,0.0,0.0,0.0,0.0,0.0,0.0,0.0,0.0,No Fire,3,3,No Fire,0.8230849823704549,0.08889719660491592,0.04891637997071255,0.03910144105391662
90501,0.0,0.0,0.0,0.0,0.0,0.0,0.0,0.0,0.0,0.0,0.0,No Fire,3,3,No Fire,0.8230849823704549,0.08889719660491592,0.04891637997071255,0.03910144105391662
90293,0.0,0.0,0.0,0.0,0.0,0.0,0.0,0.0,0.0,0.0,0.0,No Fire,3,3,No Fire,0.8230849823704549,0.08889719660491592,0.04891637997071255,0.03910144105391662
90245,0.0,0.0,0.0,0.0,0.0,0.0,0.0,0.0,0.0,0.0,0.0,No Fire,3,3,No Fire,0.8230849823704549,0.08889719660491592,0.04891637997071255,0.03910144105391662
90230,0.0,0.0,0.0,0.0,0.0,0.0,0.0,0.0,0.0,0.0,0.0,No Fire,3,3,No Fire,0.8230849823704549,0.08889719660491592,0.04891637997071255,0.03910144105391662
90266,0.0,0.0,0.0,0.0,0.0,0.0,0.0,0.0,0.0,0.0,0.0,No Fire,3,3,No Fire,0.8230849823704549,0.08889719660491592,0.04891637997071255,0.03910144105391662
90012,0.0,0.0,0.0,0.0,0.0,0.0,0.0,0.0,0.0,0.0,0.0,No Fire,3,3,No Fire,0.8230849823704549,0.08889719660491592,0.04891637997071255,0.03910144105391662
90254,0.0,0.0,0.0,0.0,0.0,0.0,0.0,0.0,0.0,0.0,0.0,No Fire,3,3,No Fire,0.8230849823704549,0.08889719660491592,0.04891637997071255,0.03910144105391662
90232,0.0,0.0,0.0,0.0,0.0,0.0,0.0,0.0,0.0,0.0,0.0,No Fire,3,3,No Fire,0.8230849823704549,0.08889719660491592,0.04891637997071255,0.03910144105391662
90016,0.0,0.0,0.0,0.0,0.0,0.0,0.0,0.0,0.0,0.0,0.0,No Fire,3,3,No Fire,0.8230849823704549,0.08889719660491592,0.04891637997071255,0.03910144105391662
90094,0.0,0.0,0.0,0.0,0.0,0.0,0.0,0.0,0.0,0.0,0.0,No Fire,3,3,No Fire,0.8230849823704549,0.08889719660491592,0.04891637997071255,0.03910144105391662
90292,0.0,0.0,0.0,0.0,0.0,0.0,0.0,0.0,0.0,0.0,0.0,No Fire,3,3,No Fire,0.8230849823704549,0.08889719660491592,0.04891637997071255,0.03910144105391662
90291,0.0,0.0,0.0,0.0,0.0,0.0,0.0,0.0,0.0,0.0,0.0,No Fire,3,3,No Fire,0.8230849823704549,0.08889719660491592,0.04891637997071255,0.03910144105391662
90015,0.0,0.0,0.0,0.0,0.0,0.0,0.0,0.0,0.0,0.0,0.0,No Fire,3,3,No Fire,0.8230849823704549,0.08889719660491592,0.04891637997071255,0.03910144105391662
90011,0.0,0.0,0.0,0.0,0.0,0.0,0.0,0.0,0.0,0.0,0.0,No Fire,3,3,No Fire,0.8230849823704549,0.08889719660491592,0.04891637997071255,0.03910144105391662
90063,0.0,0.0,0.0,0.0,0.0,0.0,0.0,0.0,0.0,0.0,0.0,No Fire,3,3,No Fire,0.8230849823704549,0.08889719660491592,0.04891637997071255,0.03910144105391662
90023,0.0,0.0,0.0,0.0,0.0,0.0,0.0,0.0,0.0,0.0,0.0,No Fire,3,3,No Fire,0.8230849823704549,0.08889719660491592,0.04891637997071255,0.03910144105391662
90065,0.0,0.0,0.0,0.0,0.0,0.0,0.0,0.0,0.0,0.0,0.0,No Fire,3,3,No Fire,0.8230849823704549,0.08889719660491592,0.04891637997071255,0.03910144105391662
90014,0.0,0.0,0.0,0.0,0.0,0.0,0.0,0.0,0.0,0.0,0.0,No Fire,3,3,No Fire,0.8230849823704549,0.08889719660491592,0.04891637997071255,0.03910144105391662
90006,0.0,0.0,0.0,0.0,0.0,0.0,0.0,0.0,0.0,0.0,0.0,No Fire,3,3,No Fire,0.8230849823704549,0.08889719660491592,0.04891637997071255,0.03910144105391662
90405,0.0,0.0,0.0,0.0,0.0,0.0,0.0,0.0,0.0,0.0,0.0,No Fire,3,3,No Fire,0.8230849823704549,0.08889719660491592,0.04891637997071255,0.03910144105391662
90064,0.0,0.0,0.0,0.0,0.0,0.0,0.0,0.0,0.0,0.0,0.0,No Fire,3,3,No Fire,0.8230849823704549,0.08889719660491592,0.04891637997071255,0.03910144105391662
90034,0.0,0.0,0.0,0.0,0.0,0.0,0.0,0.0,0.0,0.0,0.0,No Fire,3,3,No Fire,0.8230849823704549,0.08889719660491592,0.04891637997071255,0.03910144105391662
90025,0.0,0.0,0.0,0.0,0.0,0.0,0.0,0.0,0.0,0.0,0.0,No Fire,3,3,No Fire,0.8230849823704549,0.08889719660491592,0.04891637997071255,0.03910144105391662
90402,0.0,0.0,0.0,0.0,0.0,0.0,0.0,0.0,0.0,0.0,0.0,No Fire,3,3,No Fire,0.8230849823704549,0.08889719660491592,0.04891637997071255,0.03910144105391662
90403,0.0,0.0,0.0,0.0,0.0,0.0,0.0,0.0,0.0,0.0,0.0,No Fire,3,3,No Fire,0.8230849823704549,0.08889719660491592,0.04891637997071255,0.03910144105391662
90404,0.0,0.0,0.0,0.0,0.0,0.0,0.0,0.0,0.0,0.0,0.0,No Fire,3,3,No Fire,0.8230849823704549,0.08889719660491592,0.04891637997071255,0.03910144105391662
90401,0.0,0.0,0.0,0.0,0.0,0.0,0.0,0.0,0.0,0.0,0.0,No Fire,3,3,No Fire,0.8230849823704549,0.08889719660491592,0.04891637997071255,0.03910144105391662
90035,0.0,0.0,0.0,0.0,0.0,0.0,0.0,0.0,0.0,0.0,0.0,No Fire,3,3,No Fire,0.8230849823704549,0.08889719660491592,0.04891637997071255,0.03910144105391662
90067,0.0,0.0,0.0,0.0,0.0,0.0,0.0,0.0,0.0,0.0,0.0,No Fire,3,3,No Fire,0.8230849823704549,0.08889719660491592,0.04891637997071255,0.03910144105391662
90024,0.0,0.0,0.0,0.0,0.0,0.0,0.0,0.0,0.0,0.0,0.0,No Fire,3,3,No Fire,0.8230849823704549,0.08889719660491592,0.04891637997071255,0.03910144105391662
90017,0.0,0.0,0.0,0.0,0.0,0.0,0.0,0.0,0.0,0.0,0.0,No Fire,3,3,No Fire,0.8230849823704549,0.08889719660491592,0.04891637997071255,0.03910144105391662
90212,0.0,0.0,0.0,0.0,0.0,0.0,0.0,0.0,0.0,0.0,0.0,No Fire,3,3,No Fire,0.8230849823704549,0.08889719660491592,0.04891637997071255,0.03910144105391662
90211,0.0,0.0,0.0,0.0,0.0,0.0,0.0,0.0,0.0,0.0,0.0,No Fire,3,3,No Fire,0.8230849823704549,0.08889719660491592,0.04891637997071255,0.03910144105391662
90048,0.0,0.0,0.0,0.0,0.0,0.0,0.0,0.0,0.0,0.0,0.0,No Fire,3,3,No Fire,0.8230849823704549,0.08889719660491592,0.04891637997071255,0.03910144105391662
90069,0.0,0.0,0.0,0.0,0.0,0.0,0.0,0.0,0.0,0.0,0.0,No Fire,3,3,No Fire,0.8230849823704549,0.08889719660491592,0.04891637997071255,0.03910144105391662
90027,0.0,0.0,0.0,0.0,0.0,0.0,0.0,0.0,0.0,0.0,0.0,No Fire,3,3,No Fire,0.8230849823704549,0.08889719660491592,0.04891637997071255,0.03910144105391662
90022,0.0,0.0,0.0,0.0,0.0,0.0,0.0,0.0,0.0,0.0,0.0,No Fire,3,3,No Fire,0.8230849823704549,0.08889719660491592,0.04891637997071255,0.03910144105391662
90272,0.0,9.0,1.3104222222222224,6.5472,11.793800000000001,6.248888888888889,40.0,56.239999999999995,4.04725295468825,2.5489606785781063,10.316288637759406,Medium,2,2,Medium,6.753963329346054e-61,3.57268849751271e-05,0.9964267272490098,0.003537545866015109
90270,0.0,0.0,0.0,0.0,0.0,0.0,0.0,0.0,0.0,0.0,0.0,No Fire,3,3,No Fire,0.8230849823704549,0.08889719660491592,0.04891637997071255,0.03910144105391662
90037,0.0,0.0,0.0,0.0,0.0,0.0,0.0,0.0,0.0,0.0,0.0,No Fire,3,3,No Fire,0.8230849823704549,0.08889719660491592,0.04891637997071255,0.03910144105391662
90042,0.0,0.0,0.0,0.0,0.0,0.0,0.0,0.0,0.0,0.0,0.0,No Fire,3,3,No Fire,0.8230849823704549,0.08889719660491592,0.04891637997071255,0.03910144105391662
90044,0.0,0.0,0.0,0.0,0.0,0.0,0.0,0.0,0.0,0.0,0.0,No Fire,3,3,No Fire,0.8230849823704549,0.08889719660491592,0.04891637997071255,0.03910144105391662
90062,0.0,0.0,0.0,0.0,0.0,0.0,0.0,0.0,0.0,0.0,0.0,No Fire,3,3,No Fire,0.8230849823704549,0.08889719660491592,0.04891637997071255,0.03910144105391662
90008,0.0,0.0,0.0,0.0,0.0,0.0,0.0,0.0,0.0,0.0,0.0,No Fire,3,3,No Fire,0.8230849823704549,0.08889719660491592,0.04891637997071255,0.03910144105391662
90058,0.0,0.0,0.0,0.0,0.0,0.0,0.0,0.0,0.0,0.0,0.0,No Fire,3,3,No Fire,0.8230849823704549,0.08889719660491592,0.04891637997071255,0.03910144105391662
90018,0.0,0.0,0.0,0.0,0.0,0.0,0.0,0.0,0.0,0.0,0.0,No Fire,3,3,No Fire,0.8230849823704549,0.08889719660491592,0.04891637997071255,0.03910144105391662
90007,0.0,0.0,0.0,0.0,0.0,0.0,0.0,0.0,0.0,0.0,0.0,No Fire,3,3,No Fire,0.8230849823704549,0.08889719660491592,0.04891637997071255,0.03910144105391662
90019,0.0,0.0,0.0,0.0,0.0,0.0,0.0,0.0,0.0,0.0,0.0,No Fire,3,3,No Fire,0.8230849823704549,0.08889719660491592,0.04891637997071255,0.03910144105391662
90020,0.0,0.0,0.0,0.0,0.0,0.0,0.0,0.0,0.0,0.0,0.0,No Fire,3,3,No Fire,0.8230849823704549,0.08889719660491592,0.04891637997071255,0.03910144105391662
90005,0.0,0.0,0.0,0.0,0.0,0.0,0.0,0.0,0.0,0.0,0.0,No Fire,3,3,No Fire,0.8230849823704549,0.08889719660491592,0.04891637997071255,0.03910144105391662
90029,0.0,0.0,0.0,0.0,0.0,0.0,0.0,0.0,0.0,0.0,0.0,No Fire,3,3,No Fire,0.8230849823704549,0.08889719660491592,0.04891637997071255,0.03910144105391662
90038,0.0,0.0,0.0,0.0,0.0,0.0,0.0,0.0,0.0,0.0,0.0,No Fire,3,3,No Fire,0.8230849823704549,0.08889719660491592,0.04891637997071255,0.03910144105391662
90010,0.0,0.0,0.0,0.0,0.0,0.0,0.0,0.0,0.0,0.0,0.0,No Fire,3,3,No Fire,0.8230849823704549,0.08889719660491592,0.04891637997071255,0.03910144105391662
90021,0.0,0.0,0.0,0.0,0.0,0.0,0.0,0.0,0.0,0.0,0.0,No Fire,3,3,No Fire,0.8230849823704549,0.08889719660491592,0.04891637997071255,0.03910144105391662
90013,0.0,0.0,0.0,0.0,0.0,0.0,0.0,0.0,0.0,0.0,0.0,No Fire,3,3,No Fire,0.8230849823704549,0.08889719660491592,0.04891637997071255,0.03910144105391662
90026,0.0,0.0,0.0,0.0,0.0,0.0,0.0,0.0,0.0,0.0,0.0,No Fire,3,3,No Fire,0.8230849823704549,0.08889719660491592,0.04891637997071255,0.03910144105391662
90004,0.0,0.0,0.0,0.0,0.0,0.0,0.0,0.0,0.0,0.0,0.0,No Fire,3,3,No Fire,0.8230849823704549,0.08889719660491592,0.04891637997071255,0.03910144105391662
90033,0.0,0.0,0.0,0.0,0.0,0.0,0.0,0.0,0.0,0.0,0.0,No Fire,3,3,No Fire,0.8230849823704549,0.08889719660491592,0.04891637997071255,0.03910144105391662
90031,0.0,0.0,0.0,0.0,0.0,0.0,0.0,0.0,0.0,0.0,0.0,No Fire,3,3,No Fire,0.8230849823704549,0.08889719660491592,0.04891637997071255,0.03910144105391662
90032,0.0,0.0,0.0,0.0,0.0,0.0,0.0,0.0,0.0,0.0,0.0,No Fire,3,3,No Fire,0.8230849823704549,0.08889719660491592,0.04891637997071255,0.03910144105391662
91754,0.0,0.0,0.0,0.0,0.0,0.0,0.0,0.0,0.0,0.0,0.0,No Fire,3,3,No Fire,0.8230849823704549,0.08889719660491592,0.04891637997071255,0.03910144105391662
90040,0.0,0.0,0.0,0.0,0.0,0.0,0.0,0.0,0.0,0.0,0.0,No Fire,3,3,No Fire,0.8230849823704549,0.08889719660491592,0.04891637997071255,0.03910144105391662
90640,0.0,0.0,0.0,0.0,0.0,0.0,0.0,0.0,0.0,0.0,0.0,No Fire,3,3,No Fire,0.8230849823704549,0.08889719660491592,0.04891637997071255,0.03910144105391662
91803,0.0,0.0,0.0,0.0,0.0,0.0,0.0,0.0,0.0,0.0,0.0,No Fire,3,3,No Fire,0.8230849823704549,0.08889719660491592,0.04891637997071255,0.03910144105391662
91755,0.0,0.0,0.0,0.0,0.0,0.0,0.0,0.0,0.0,0.0,0.0,No Fire,3,3,No Fire,0.8230849823704549,0.08889719660491592,0.04891637997071255,0.03910144105391662
91801,0.0,0.0,0.0,0.0,0.0,0.0,0.0,0.0,0.0,0.0,0.0,No Fire,3,3,No Fire,0.8230849823704549,0.08889719660491592,0.04891637997071255,0.03910144105391662
91770,0.0,0.0,0.0,0.0,0.0,0.0,0.0,0.0,0.0,0.0,0.0,No Fire,3,3,No Fire,0.8230849823704549,0.08889719660491592,0.04891637997071255,0.03910144105391662
90660,0.0,0.0,0.0,0.0,0.0,0.0,0.0,0.0,0.0,0.0,0.0,No Fire,3,3,No Fire,0.8230849823704549,0.08889719660491592,0.04891637997071255,0.03910144105391662
91776,0.0,0.0,0.0,0.0,0.0,0.0,0.0,0.0,0.0,0.0,0.0,No Fire,3,3,No Fire,0.8230849823704549,0.08889719660491592,0.04891637997071255,0.03910144105391662
91733,0.0,0.0,0.0,0.0,0.0,0.0,0.0,0.0,0.0,0.0,0.0,No Fire,3,3,No Fire,0.8230849823704549,0.08889719660491592,0.04891637997071255,0.03910144105391662
91030,0.0,0.0,0.0,0.0,0.0,0.0,0.0,0.0,0.0,0.0,0.0,No Fire,3,3,No Fire,0.8230849823704549,0.08889719660491592,0.04891637997071255,0.03910144105391662
91105,0.0,0.0,0.0,0.0,0.0,0.0,0.0,0.0,0.0,0.0,0.0,No Fire,3,3,No Fire,0.8230849823704549,0.08889719660491592,0.04891637997071255,0.03910144105391662
91108,0.0,0.0,0.0,0.0,0.0,0.0,0.0,0.0,0.0,0.0,0.0,No Fire,3,3,No Fire,0.8230849823704549,0.08889719660491592,0.04891637997071255,0.03910144105391662
91106,0.0,0.0,0.0,0.0,0.0,0.0,0.0,0.0,0.0,0.0,0.0,No Fire,3,3,No Fire,0.8230849823704549,0.08889719660491592,0.04891637997071255,0.03910144105391662
91101,0.0,0.0,0.0,0.0,0.0,0.0,0.0,0.0,0.0,0.0,0.0,No Fire,3,3,No Fire,0.8230849823704549,0.08889719660491592,0.04891637997071255,0.03910144105391662
91104,0.0,0.0,0.0,0.0,0.0,0.0,0.0,0.0,0.0,0.0,0.0,No Fire,3,3,No Fire,0.8230849823704549,0.08889719660491592,0.04891637997071255,0.03910144105391662
91107,0.0,2.0,0.4528,0.5889,0.9056,0.635,1.0,1.27,0.8197798314933114,0.6447969196188986,0.528591510112587,Low,1,1,Low,0.0013645226344333329,0.8961395087850674,0.09412116208695243,0.008374806493546756
91775,0.0,0.0,0.0,0.0,0.0,0.0,0.0,0.0,0.0,0.0,0.0,No Fire,3,3,No Fire,0.8230849823704549,0.08889719660491592,0.04891637997071255,0.03910144105391662
91007,0.0,1.0,0.6771,0.6771,0.6771,0.1,0.1,0.1,0.09531017980432487,0.517066111355445,0.04928166404401053,Low,1,1,Low,0.16986878642088618,0.7421415113150721,0.07606238271834112,0.011927319545700577
91780,0.0,0.0,0.0,0.0,0.0,0.0,0.0,0.0,0.0,0.0,0.0,No Fire,3,3,No Fire,0.8230849823704549,0.08889719660491592,0.04891637997071255,0.03910144105391662
90028,0.0,0.0,0.0,0.0,0.0,0.0,0.0,0.0,0.0,0.0,0.0,No Fire,3,3,No Fire,0.8230849823704549,0.08889719660491592,0.04891637997071255,0.03910144105391662
90039,0.0,0.0,0.0,0.0,0.0,0.0,0.0,0.0,0.0,0.0,0.0,No Fire,3,3,No Fire,0.8230849823704549,0.08889719660491592,0.04891637997071255,0.03910144105391662
91205,0.0,0.0,0.0,0.0,0.0,0.0,0.0,0.0,0.0,0.0,0.0,No Fire,3,3,No Fire,0.8230849823704549,0.08889719660491592,0.04891637997071255,0.03910144105391662
90041,0.0,0.0,0.0,0.0,0.0,0.0,0.0,0.0,0.0,0.0,0.0,No Fire,3,3,No Fire,0.8230849823704549,0.08889719660491592,0.04891637997071255,0.03910144105391662
91208,0.0,0.0,0.0,0.0,0.0,0.0,0.0,0.0,0.0,0.0,0.0,No Fire,3,3,No Fire,0.8230849823704549,0.08889719660491592,0.04891637997071255,0.03910144105391662
91020,0.0,0.0,0.0,0.0,0.0,0.0,0.0,0.0,0.0,0.0,0.0,No Fire,3,3,No Fire,0.8230849823704549,0.08889719660491592,0.04891637997071255,0.03910144105391662
91201,0.0,0.0,0.0,0.0,0.0,0.0,0.0,0.0,0.0,0.0,0.0,No Fire,3,3,No Fire,0.8230849823704549,0.08889719660491592,0.04891637997071255,0.03910144105391662
91210,0.0,0.0,0.0,0.0,0.0,0.0,0.0,0.0,0.0,0.0,0.0,No Fire,3,3,No Fire,0.8230849823704549,0.08889719660491592,0.04891637997071255,0.03910144105391662
91206,0.0,1.0,0.1528,0.1528,0.1528,70.0,70.0,70.0,4.2626798770413155,0.14219376570317527,0.6061265037036527,Low,1,1,Low,6.51665448002708e-92,0.9306464106109498,0.05805942740341065,0.011294161985639527
91202,0.0,0.0,0.0,0.0,0.0,0.0,0.0,0.0,0.0,0.0,0.0,No Fire,3,3,No Fire,0.8230849823704549,0.08889719660491592,0.04891637997071255,0.03910144105391662
91207,0.0,0.0,0.0,0.0,0.0,0.0,0.0,0.0,0.0,0.0,0.0,No Fire,3,3,No Fire,0.8230849823704549,0.08889719660491592,0.04891637997071255,0.03910144105391662
91203,0.0,0.0,0.0,0.0,0.0,0.0,0.0,0.0,0.0,0.0,0.0,No Fire,3,3,No Fire,0.8230849823704549,0.08889719660491592,0.04891637997071255,0.03910144105391662
91204,0.0,0.0,0.0,0.0,0.0,0.0,0.0,0.0,0.0,0.0,0.0,No Fire,3,3,No Fire,0.8230849823704549,0.08889719660491592,0.04891637997071255,0.03910144105391662
91011,0.0,63.0,0.9928888888888889,6.9521,62.552,0.283968253968254,5.0,17.89,2.9386326815134183,4.151858468422708,12.200786984325214,Medium,2,2,Medium,5.213330282357525e-96,0.0027913377284222787,0.9972086622715773,3.15296466641997e-16
91103,0.0,0.0,0.0,0.0,0.0,0.0,0.0,0.0,0.0,0.0,0.0,No Fire,3,3,No Fire,0.8230849823704549,0.08889719660491592,0.04891637997071255,0.03910144105391662
91006,0.0,0.0,0.0,0.0,0.0,0.0,0.0,0.0,0.0,0.0,0.0,No Fire,3,3,No Fire,0.8230849823704549,0.08889719660491592,0.04891637997071255,0.03910144105391662
91016,0.0,6.0,1.8713166666666667,4.9646,11.2279,22.21666666666667,125.0,133.3,4.900076103529192,2.503720226042908,12.26841964955556,Medium,2,0,High,2.4753266670155373e-137,0.045207585030726874,0.03936147062164411,0.9154309443476288
91001,0.0,31.0,0.887367741935484,5.1042,27.5084,0.7609677419354839,10.5,23.59,3.202339856228101,3.3501987806903397,10.728475081691462,Medium,2,2,Medium,1.7111368891548385e-57,0.10485370851640685,0.8951462885620748,2.9215183639555642e-09
90003,0.0,0.0,0.0,0.0,0.0,0.0,0.0,0.0,0.0,0.0,0.0,No Fire,3,3,No Fire,0.8230849823704549,0.08889719660491592,0.04891637997071255,0.03910144105391662
90255,0.0,0.0,0.0,0.0,0.0,0.0,0.0,0.0,0.0,0.0,0.0,No Fire,3,3,No Fire,0.8230849823704549,0.08889719660491592,0.04891637997071255,0.03910144105391662
90002,0.0,0.0,0.0,0.0,0.0,0.0,0.0,0.0,0.0,0.0,0.0,No Fire,3,3,No Fire,0.8230849823704549,0.08889719660491592,0.04891637997071255,0.03910144105391662
90061,0.0,0.0,0.0,0.0,0.0,0.0,0.0,0.0,0.0,0.0,0.0,No Fire,3,3,No Fire,0.8230849823704549,0.08889719660491592,0.04891637997071255,0.03910144105391662
90274,0.0,0.0,0.0,0.0,0.0,0.0,0.0,0.0,0.0,0.0,0.0,No Fire,3,3,No Fire,0.8230849823704549,0.08889719660491592,0.04891637997071255,0.03910144105391662
90745,0.0,0.0,0.0,0.0,0.0,0.0,0.0,0.0,0.0,0.0,0.0,No Fire,3,3,No Fire,0.8230849823704549,0.08889719660491592,0.04891637997071255,0.03910144105391662
90746,0.0,0.0,0.0,0.0,0.0,0.0,0.0,0.0,0.0,0.0,0.0,No Fire,3,3,No Fire,0.8230849823704549,0.08889719660491592,0.04891637997071255,0.03910144105391662
90220,0.0,0.0,0.0,0.0,0.0,0.0,0.0,0.0,0.0,0.0,0.0,No Fire,3,3,No Fire,0.8230849823704549,0.08889719660491592,0.04891637997071255,0.03910144105391662
90221,0.0,0.0,0.0,0.0,0.0,0.0,0.0,0.0,0.0,0.0,0.0,No Fire,3,3,No Fire,0.8230849823704549,0.08889719660491592,0.04891637997071255,0.03910144105391662
90222,0.0,0.0,0.0,0.0,0.0,0.0,0.0,0.0,0.0,0.0,0.0,No Fire,3,3,No Fire,0.8230849823704549,0.08889719660491592,0.04891637997071255,0.03910144105391662
90262,0.0,0.0,0.0,0.0,0.0,0.0,0.0,0.0,0.0,0.0,0.0,No Fire,3,3,No Fire,0.8230849823704549,0.08889719660491592,0.04891637997071255,0.03910144105391662
90280,0.0,0.0,0.0,0.0,0.0,0.0,0.0,0.0,0.0,0.0,0.0,No Fire,3,3,No Fire,0.8230849823704549,0.08889719660491592,0.04891637997071255,0.03910144105391662
90201,0.0,0.0,0.0,0.0,0.0,0.0,0.0,0.0,0.0,0.0,0.0,No Fire,3,3,No Fire,0.8230849823704549,0.08889719660491592,0.04891637997071255,0.03910144105391662
90240,0.0,0.0,0.0,0.0,0.0,0.0,0.0,0.0,0.0,0.0,0.0,No Fire,3,3,No Fire,0.8230849823704549,0.08889719660491592,0.04891637997071255,0.03910144105391662
90241,0.0,0.0,0.0,0.0,0.0,0.0,0.0,0.0,0.0,0.0,0.0,No Fire,3,3,No Fire,0.8230849823704549,0.08889719660491592,0.04891637997071255,0.03910144105391662
90242,0.0,0.0,0.0,0.0,0.0,0.0,0.0,0.0,0.0,0.0,0.0,No Fire,3,3,No Fire,0.8230849823704549,0.08889719660491592,0.04891637997071255,0.03910144105391662
90723,0.0,0.0,0.0,0.0,0.0,0.0,0.0,0.0,0.0,0.0,0.0,No Fire,3,3,No Fire,0.8230849823704549,0.08889719660491592,0.04891637997071255,0.03910144105391662
90706,0.0,0.0,0.0,0.0,0.0,0.0,0.0,0.0,0.0,0.0,0.0,No Fire,3,3,No Fire,0.8230849823704549,0.08889719660491592,0.04891637997071255,0.03910144105391662
90638,0.0,0.0,0.0,0.0,0.0,0.0,0.0,0.0,0.0,0.0,0.0,No Fire,3,3,No Fire,0.8230849823704549,0.08889719660491592,0.04891637997071255,0.03910144105391662
90703,0.0,0.0,0.0,0.0,0.0,0.0,0.0,0.0,0.0,0.0,0.0,No Fire,3,3,No Fire,0.8230849823704549,0.08889719660491592,0.04891637997071255,0.03910144105391662
90650,0.0,0.0,0.0,0.0,0.0,0.0,0.0,0.0,0.0,0.0,0.0,No Fire,3,3,No Fire,0.8230849823704549,0.08889719660491592,0.04891637997071255,0.03910144105391662
90701,0.0,0.0,0.0,0.0,0.0,0.0,0.0,0.0,0.0,0.0,0.0,No Fire,3,3,No Fire,0.8230849823704549,0.08889719660491592,0.04891637997071255,0.03910144105391662
90713,0.0,0.0,0.0,0.0,0.0,0.0,0.0,0.0,0.0,0.0,0.0,No Fire,3,3,No Fire,0.8230849823704549,0.08889719660491592,0.04891637997071255,0.03910144105391662
90715,0.0,0.0,0.0,0.0,0.0,0.0,0.0,0.0,0.0,0.0,0.0,No Fire,3,3,No Fire,0.8230849823704549,0.08889719660491592,0.04891637997071255,0.03910144105391662
90716,0.0,0.0,0.0,0.0,0.0,0.0,0.0,0.0,0.0,0.0,0.0,No Fire,3,3,No Fire,0.8230849823704549,0.08889719660491592,0.04891637997071255,0.03910144105391662
90808,0.0,0.0,0.0,0.0,0.0,0.0,0.0,0.0,0.0,0.0,0.0,No Fire,3,3,No Fire,0.8230849823704549,0.08889719660491592,0.04891637997071255,0.03910144105391662
90805,0.0,0.0,0.0,0.0,0.0,0.0,0.0,0.0,0.0,0.0,0.0,No Fire,3,3,No Fire,0.8230849823704549,0.08889719660491592,0.04891637997071255,0.03910144105391662
90807,0.0,0.0,0.0,0.0,0.0,0.0,0.0,0.0,0.0,0.0,0.0,No Fire,3,3,No Fire,0.8230849823704549,0.08889719660491592,0.04891637997071255,0.03910144105391662
90806,0.0,0.0,0.0,0.0,0.0,0.0,0.0,0.0,0.0,0.0,0.0,No Fire,3,3,No Fire,0.8230849823704549,0.08889719660491592,0.04891637997071255,0.03910144105391662
90810,0.0,0.0,0.0,0.0,0.0,0.0,0.0,0.0,0.0,0.0,0.0,No Fire,3,3,No Fire,0.8230849823704549,0.08889719660491592,0.04891637997071255,0.03910144105391662
90755,0.0,0.0,0.0,0.0,0.0,0.0,0.0,0.0,0.0,0.0,0.0,No Fire,3,3,No Fire,0.8230849823704549,0.08889719660491592,0.04891637997071255,0.03910144105391662
90712,0.0,0.0,0.0,0.0,0.0,0.0,0.0,0.0,0.0,0.0,0.0,No Fire,3,3,No Fire,0.8230849823704549,0.08889719660491592,0.04891637997071255,0.03910144105391662
90815,0.0,0.0,0.0,0.0,0.0,0.0,0.0,0.0,0.0,0.0,0.0,No Fire,3,3,No Fire,0.8230849823704549,0.08889719660491592,0.04891637997071255,0.03910144105391662
90804,0.0,0.0,0.0,0.0,0.0,0.0,0.0,0.0,0.0,0.0,0.0,No Fire,3,3,No Fire,0.8230849823704549,0.08889719660491592,0.04891637997071255,0.03910144105391662
90803,0.0,0.0,0.0,0.0,0.0,0.0,0.0,0.0,0.0,0.0,0.0,No Fire,3,3,No Fire,0.8230849823704549,0.08889719660491592,0.04891637997071255,0.03910144105391662
90814,0.0,0.0,0.0,0.0,0.0,0.0,0.0,0.0,0.0,0.0,0.0,No Fire,3,3,No Fire,0.8230849823704549,0.08889719660491592,0.04891637997071255,0.03910144105391662
90813,0.0,0.0,0.0,0.0,0.0,0.0,0.0,0.0,0.0,0.0,0.0,No Fire,3,3,No Fire,0.8230849823704549,0.08889719660491592,0.04891637997071255,0.03910144105391662
90802,0.0,0.0,0.0,0.0,0.0,0.0,0.0,0.0,0.0,0.0,0.0,No Fire,3,3,No Fire,0.8230849823704549,0.08889719660491592,0.04891637997071255,0.03910144105391662
90502,0.0,0.0,0.0,0.0,0.0,0.0,0.0,0.0,0.0,0.0,0.0,No Fire,3,3,No Fire,0.8230849823704549,0.08889719660491592,0.04891637997071255,0.03910144105391662
90744,0.0,0.0,0.0,0.0,0.0,0.0,0.0,0.0,0.0,0.0,0.0,No Fire,3,3,No Fire,0.8230849823704549,0.08889719660491592,0.04891637997071255,0.03910144105391662
90503,0.0,0.0,0.0,0.0,0.0,0.0,0.0,0.0,0.0,0.0,0.0,No Fire,3,3,No Fire,0.8230849823704549,0.08889719660491592,0.04891637997071255,0.03910144105391662
90505,0.0,0.0,0.0,0.0,0.0,0.0,0.0,0.0,0.0,0.0,0.0,No Fire,3,3,No Fire,0.8230849823704549,0.08889719660491592,0.04891637997071255,0.03910144105391662
90717,0.0,0.0,0.0,0.0,0.0,0.0,0.0,0.0,0.0,0.0,0.0,No Fire,3,3,No Fire,0.8230849823704549,0.08889719660491592,0.04891637997071255,0.03910144105391662
90710,0.0,0.0,0.0,0.0,0.0,0.0,0.0,0.0,0.0,0.0,0.0,No Fire,3,3,No Fire,0.8230849823704549,0.08889719660491592,0.04891637997071255,0.03910144105391662
90731,0.0,0.0,0.0,0.0,0.0,0.0,0.0,0.0,0.0,0.0,0.0,No Fire,3,3,No Fire,0.8230849823704549,0.08889719660491592,0.04891637997071255,0.03910144105391662
90732,0.0,0.0,0.0,0.0,0.0,0.0,0.0,0.0,0.0,0.0,0.0,No Fire,3,3,No Fire,0.8230849823704549,0.08889719660491592,0.04891637997071255,0.03910144105391662
90275,0.0,0.0,0.0,0.0,0.0,0.0,0.0,0.0,0.0,0.0,0.0,No Fire,3,3,No Fire,0.8230849823704549,0.08889719660491592,0.04891637997071255,0.03910144105391662
90071,0.0,0.0,0.0,0.0,0.0,0.0,0.0,0.0,0.0,0.0,0.0,No Fire,3,3,No Fire,0.8230849823704549,0.08889719660491592,0.04891637997071255,0.03910144105391662
90704,0.0,0.0,0.0,0.0,0.0,0.0,0.0,0.0,0.0,0.0,0.0,No Fire,3,3,No Fire,0.8230849823704549,0.08889719660491592,0.04891637997071255,0.03910144105391662
90277,0.0,0.0,0.0,0.0,0.0,0.0,0.0,0.0,0.0,0.0,0.0,No Fire,3,3,No Fire,0.8230849823704549,0.08889719660491592,0.04891637997071255,0.03910144105391662
90670,0.0,0.0,0.0,0.0,0.0,0.0,0.0,0.0,0.0,0.0,0.0,No Fire,3,3,No Fire,0.8230849823704549,0.08889719660491592,0.04891637997071255,0.03910144105391662
90605,0.0,0.0,0.0,0.0,0.0,0.0,0.0,0.0,0.0,0.0,0.0,No Fire,3,3,No Fire,0.8230849823704549,0.08889719660491592,0.04891637997071255,0.03910144105391662
90604,0.0,0.0,0.0,0.0,0.0,0.0,0.0,0.0,0.0,0.0,0.0,No Fire,3,3,No Fire,0.8230849823704549,0.08889719660491592,0.04891637997071255,0.03910144105391662
91732,0.0,0.0,0.0,0.0,0.0,0.0,0.0,0.0,0.0,0.0,0.0,No Fire,3,3,No Fire,0.8230849823704549,0.08889719660491592,0.04891637997071255,0.03910144105391662
91746,0.0,0.0,0.0,0.0,0.0,0.0,0.0,0.0,0.0,0.0,0.0,No Fire,3,3,No Fire,0.8230849823704549,0.08889719660491592,0.04891637997071255,0.03910144105391662
91744,0.0,0.0,0.0,0.0,0.0,0.0,0.0,0.0,0.0,0.0,0.0,No Fire,3,3,No Fire,0.8230849823704549,0.08889719660491592,0.04891637997071255,0.03910144105391662
90606,0.0,0.0,0.0,0.0,0.0,0.0,0.0,0.0,0.0,0.0,0.0,No Fire,3,3,No Fire,0.8230849823704549,0.08889719660491592,0.04891637997071255,0.03910144105391662
90602,0.0,0.0,0.0,0.0,0.0,0.0,0.0,0.0,0.0,0.0,0.0,No Fire,3,3,No Fire,0.8230849823704549,0.08889719660491592,0.04891637997071255,0.03910144105391662
90603,0.0,0.0,0.0,0.0,0.0,0.0,0.0,0.0,0.0,0.0,0.0,No Fire,3,3,No Fire,0.8230849823704549,0.08889719660491592,0.04891637997071255,0.03910144105391662
91745,0.0,0.0,0.0,0.0,0.0,0.0,0.0,0.0,0.0,0.0,0.0,No Fire,3,3,No Fire,0.8230849823704549,0.08889719660491592,0.04891637997071255,0.03910144105391662
90631,0.0,0.0,0.0,0.0,0.0,0.0,0.0,0.0,0.0,0.0,0.0,No Fire,3,3,No Fire,0.8230849823704549,0.08889719660491592,0.04891637997071255,0.03910144105391662
91748,0.0,0.0,0.0,0.0,0.0,0.0,0.0,0.0,0.0,0.0,0.0,No Fire,3,3,No Fire,0.8230849823704549,0.08889719660491592,0.04891637997071255,0.03910144105391662
91789,0.0,0.0,0.0,0.0,0.0,0.0,0.0,0.0,0.0,0.0,0.0,No Fire,3,3,No Fire,0.8230849823704549,0.08889719660491592,0.04891637997071255,0.03910144105391662
91765,0.0,0.0,0.0,0.0,0.0,0.0,0.0,0.0,0.0,0.0,0.0,No Fire,3,3,No Fire,0.8230849823704549,0.08889719660491592,0.04891637997071255,0.03910144105391662
91791,0.0,0.0,0.0,0.0,0.0,0.0,0.0,0.0,0.0,0.0,0.0,No Fire,3,3,No Fire,0.8230849823704549,0.08889719660491592,0.04891637997071255,0.03910144105391662
91724,0.0,0.0,0.0,0.0,0.0,0.0,0.0,0.0,0.0,0.0,0.0,No Fire,3,3,No Fire,0.8230849823704549,0.08889719660491592,0.04891637997071255,0.03910144105391662
91711,0.0,25.0,7.764951999999999,110.8125,194.1238,0.7428,14.0,18.57,2.9739977814079848,5.273634228912778,15.68377649674381,Medium,2,2,Medium,3.832620826285219e-136,9.727201414899497e-75,0.9999507705013568,4.922949864322286e-05
91750,0.0,34.0,16.436741176470587,216.6847,558.8492,6.960588235294118,190.0,236.66000000000003,5.470841080861881,6.327667461751001,34.6176630957804,High,0,0,High,0.0,0.0,4.51308862582163e-08,0.9999999548691137
91767,0.0,0.0,0.0,0.0,0.0,0.0,0.0,0.0,0.0,0.0,0.0,No Fire,3,3,No Fire,0.8230849823704549,0.08889719660491592,0.04891637997071255,0.03910144105391662
91766,0.0,0.0,0.0,0.0,0.0,0.0,0.0,0.0,0.0,0.0,0.0,No Fire,3,3,No Fire,0.8230849823704549,0.08889719660491592,0.04891637997071255,0.03910144105391662
91768,0.0,0.0,0.0,0.0,0.0,0.0,0.0,0.0,0.0,0.0,0.0,No Fire,3,3,No Fire,0.8230849823704549,0.08889719660491592,0.04891637997071255,0.03910144105391662
91702,0.0,100.0,10.809955,193.3326,1080.9955,125.332833,4200.0,12533.2833,9.43622283305033,6.986562300432898,65.92675870387356,High,0,0,High,0.0,0.0,0.08004930548753232,0.9199506945124677
91773,0.0,15.0,1.5615266666666665,9.3986,23.4229,0.8699999999999999,9.1,13.049999999999999,2.6426223957797546,3.1955212167504827,8.444555933574197,Medium,2,2,Medium,8.212486255925024e-36,0.0003969163866386784,0.9995883316920487,1.4751921312491133e-05
91722,0.0,0.0,0.0,0.0,0.0,0.0,0.0,0.0,0.0,0.0,0.0,No Fire,3,3,No Fire,0.8230849823704549,0.08889719660491592,0.04891637997071255,0.03910144105391662
91706,0.0,1.0,0.1049,0.1049,0.1049,0.5,0.5,0.5,0.4054651081081644,0.09975483313699225,0.04044710420220246,Low,1,1,Low,0.15876606381331057,0.7469252716025657,0.07294782302409157,0.021360841560032155
91723,0.0,0.0,0.0,0.0,0.0,0.0,0.0,0.0,0.0,0.0,0.0,No Fire,3,3,No Fire,0.8230849823704549,0.08889719660491592,0.04891637997071255,0.03910144105391662
91790,0.0,0.0,0.0,0.0,0.0,0.0,0.0,0.0,0.0,0.0,0.0,No Fire,3,3,No Fire,0.8230849823704549,0.08889719660491592,0.04891637997071255,0.03910144105391662
91792,0.0,0.0,0.0,0.0,0.0,0.0,0.0,0.0,0.0,0.0,0.0,No Fire,3,3,No Fire,0.8230849823704549,0.08889719660491592,0.04891637997071255,0.03910144105391662
91010,0.0,12.0,22.142775,193.2757,265.7133,358.78749999999997,4253.0,4305.45,8.367869177805389,5.586174298710967,46.74437573603213,High,0,0,High,0.0,0.0,7.017842390363569e-70,1.0
91008,0.0,1.0,47.8799,47.8799,47.8799,1.4,1.4,1.4,0.8754687373538999,3.889366269034733,3.4050185766586862,Low,1,1,Low,1.7830633702838912e-44,0.8475815619333029,0.15241843806669716,3.858921907046312e-25
91731,0.0,0.0,0.0,0.0,0.0,0.0,0.0,0.0,0.0,0.0,0.0,No Fire,3,3,No Fire,0.8230849823704549,0.08889719660491592,0.04891637997071255,0.03910144105391662
91741,0.0,24.0,6.520625,62.4146,156.495,83.98541666666667,1980.0,2015.65,7.609192997859816,5.059393711730026,38.4979032047121,High,0,0,High,0.0,0.0,5.679575974105267e-33,1.0
91740,0.0,0.0,0.0,0.0,0.0,0.0,0.0,0.0,0.0,0.0,0.0,No Fire,3,3,No Fire,0.8230849823704549,0.08889719660491592,0.04891637997071255,0.03910144105391662
91759,0.0,14.0,2.2426142857142857,9.9521,31.3966,3.832142857142857,49.9,53.65,4.000949214622548,3.4780534790202733,13.915515335301382,Medium,2,2,Medium,1.1360886799208453e-75,1.9035361118039684e-15,0.9992944655856184,0.0007055344143796394
93563,0.0,94.0,8.516507446808511,292.9681,800.5517,2.3830851063829788,109.0,224.01,5.41614484566124,6.686549474024208,36.21532046899509,High,0,0,High,0.0,0.0,0.13977376389069648,0.8602262361093036
